use ignug;
INSERT INTO Asignatura ( idMalla, codigo, nombre, idPeriodoAcademico, horasPractica, horasDocente, horasAutonomas) VALUES
(2,'DS_MD_1','Matemática discreta','1','0','48','27'),
(2,'DS_IDS_1','Introducción al desarrollo de software','1','12','60','27'),
(2,'DS_DP_1','Desarrolo del pensamiento','1','0','36','36'),
(2,'DS_FP_1','Fundamentos de programación','1','24','72','32'),
(2,'DS_ADS_1','Análisis y diseño de sistemas','1','0','60','32'),
(2,'DS_IA1_1','Ingles A1','1','0','48','36'),
(2,'DS_AT_2','Álgebra y trigonometría','2','0','48','27'),
(2,'DS_BD_2','Base de datos','2','24','60','25'),
(2,'DS_POO_2','Programación orientada a objetos','2','24','72','32'),
(2,'DS_MDS_2','Metodologías de desrrollo de software','2','12','60','20'),
(2,'DS_LC_2','Lenguaje y comunicación','2','0','36','25'),
(2,'DS_IA2_2','Ingles A2','2','0','48','27'),
(2,'DS_CDI_3','Cálculo diferencial e integral','3','0','48','32'),
(2,'DS_BDA_3','Base de datos avanzada','3','24','48','32'),
(2,'DS_FA_3','Fundamentos de administración','3','0','24','25'),
(2,'DS_PV_3','Programación visual','3','36','60','20'),
(2,'DS_DI_3','Diseño de interfaz','3','36','60','20'),
(2,'DS_IB1_3','Ingles B1.1','3','0','48','27'),
(2,'DS_ED_4','Estadística descriptiva','4','0','48','26'),
(2,'DS_LJ_4','Legislación informatica','4','0','48','26'),
(2,'DS_PAW_4','Programación de aplicaciones web','4','24','60','38'),
(2,'DS_DAM_4','Desarrollo de apliaciones moviles','4','24','72','37'),
(2,'DS_IB2_4','Ingles B1.2','4','0','48','27'),
(2,'DS_DC_4','Diversidad y cultura','4','0','36','26'),
(2,'DS_CS_5','Calidad del software','5','24','60','6'),
(2,'DS_E_5','Emprendimiento','5','0','36','5'),
(2,'DS_PT_5','Proyecto de titulación','5','24','60','6'),
(2,'DS_TAP_5','Tendencias actuales de programación','5','24','60','6'),
(2,'DS_FRC_5','Fundamentos de redes y conectividaad','5','12','60','6'),
(2,'DS_EP_5','Ética profesional','5','0','36','5'),
(3, 'MK0501', 'CONTABILIDAD GENERAL I', 1, 11, 3, '4'),
(3, 'MK0601', 'FUNDAMENTOS DE MARKETING', 1, 12, 3, '4'),
(3, 'MK0701', 'INGLÉS', 1, 13, 3, '4'),
(3, 'MK0801', 'DERECHO SOCIETARIO Y MERCANTIL', 1, 14, 3, '4'),
(4, 'DM0101', 'HISTORIA DE LA MODA Y TEXTILES', 1, 15, 2, '4'),
(4, 'DM0201', 'METODOLOGÍA DE LA INVESTIGACIÓN', 1, 16, 2, '4'),
(4, 'DM0301', 'ILUSTRACIÓN BÁSICA DE MODA', 1, 17, 5, '4'),
(4, 'DM0401', 'PATRONAJE Y CONFECCIÓN FEMENINA', 1, 18, 6, '4'),
(4, 'DM0501', 'EXPRESIÓN ORAL Y ESCRITA', 1, 19, 2, '4'),
(5, '1GT1CH01', 'LENGUAJE ORAL Y ESCRITO', 1, 20, 2, '4'),
(5, '2GT1CD02', 'HISTORIA DEL ECUADOR', 1, 21, 4, '4'),
(5, '3GT1CD02', 'GEOGRAFÍA TURÍSTICA ECUATORIANA', 1, 22, 4, '4'),
(5, '4GT1CD02', 'ECOLOGÍA DEL ECUADOR', 1, 23, 4, '4'),
(5, '5GT1CH01', 'REALIDAD NACIONAL EN EL SISTEMA TURÍSTICO ECUATORIANO', 1, 24, 2, '4'),
(5, '6GT1CH01', 'ÉTICA PROFESIONAL EN EL TURISMO', 1, 25, 2, '4'),
(5, '7GT1PR03', 'SISTEMA TURÍSTICO', 1, 26, 10, '4'),
(5, '8GT1PR02', 'INTRODUCCIÓN AL TURISMO Y HOTELERÍA', 1, 27, 4, '4'),
(5, '9GT1PR01', 'LEGISLACIÓN TURÍSTICA', 1, 28, 2, '4'),
(5, '11GT1CI02', 'IDENTIFICACIÓN DESCRIPTIVA DESTINOS TURÍSTICOS ACTUALES', 1, 29, 2, '4'),
(5, '10GT1PR05', 'FUNCIONAMIENTO Y DINÁMICA DEL TURISMO', 1, 30, 6, '4'),
(6, '', 'FUNDAMENTOS DE LA COCINA CLÁSICA', 1, 0, 0, '5'),
(6, '', 'SEGURIDAD Y PRIMEROS AUXILIOS', 1, 0, 0, '4'),
(6, '', 'TÉCNICAS DE COCINA CLÁSICA', 1, 0, 0, '6'),
(6, '', 'BASES DE PRODUCCIÓN PYP', 1, 0, 0, '4'),
(6, '', 'SEGURIDAD E HIGIENE DE ALIMENTOS', 1, 0, 0, '4'),
(6, '', 'CULTURA GASTRONÓMICA ECUATORIANA', 1, 0, 0, '5');

INSERT INTO `Malla` (`fechaMallaInicio`, `idCarrera`) VALUES ('2017-03-01', '1');
INSERT INTO `Malla` (`fechaMallaInicio`, `idCarrera`) VALUES ('2017-03-01', '1');
INSERT INTO `Malla` (`fechaMallaInicio`, `idCarrera`) VALUES ('2015-02-02', '2');
INSERT INTO `Malla` (`fechaMallaInicio`, `idCarrera`) VALUES ('2015-02-02', '3');
INSERT INTO `Malla` (`fechaMallaInicio`, `idCarrera`) VALUES ('2015-02-02', '4');
INSERT INTO `Malla` (`fechaMallaInicio`, `idCarrera`) VALUES ('2015-02-02', '5');

INSERT INTO `Carrera` (`id`, `resolucion`, `nombre`, `descripcion`, `idModalidad`, `idInstituto`, `siglas`) VALUES
(1, '1', 'TECNOLOGÍA SUPERIOR EN DESARROLLO DE SOFTWARE ', 'TECNOLOGÍA SUPERIOR EN DESARROLLO DE SOFTWARE ', 1, 1, 'DS'),
(2, '2', 'MARKETING', 'MARKETING', 1, 2, 'MK'),
(3, '3', 'DISEÑO DE MODAS CON NIVEL EQUIVALENTE A TECNOLOGÍA SUPERIOR', 'DISEÑO DE MODAS CON NIVEL EQUIVALENTE A TECNOLOGÍA SUPERIOR', 1, 3, 'DM'),
(4, '4', 'TÉCNICO SUPERIOR EN GUIANZA TURÍSTICA', 'TÉCNICO SUPERIOR EN GUIANZA TURÍSTICA', 1, 4, 'GT'),
(5, '5', 'TÉCNICO SUPERIOR EN ARTE CULINARIO', 'TÉCNICO SUPERIOR EN ARTE CULINARIO', 1, 4, 'AC');
INSERT INTO `Estado` (`id`, `descripcion`) VALUES
(1, 'ACTIVO'),
(2, 'INACTIVO');
INSERT INTO `EstadoCupo` (`id`, `descripcion`) VALUES
(1, 'POR CONTACTAR'),(2, 'CONTACTADO'),(3, 'NO USADO'),(4, 'USADO');
INSERT INTO `EstadoCivil` (`id`, `descripcion`) VALUES
(1, 'SOLTERO/A'),
(2, 'CASADO/A'),
(3, 'DIVORCIADO/A'),
(4, 'VIUDO/A'),
(5, 'UNIÓN LIBRE');
INSERT INTO `EstadoSolicitud` (`id`, `descripcion`) VALUES
(1, 'EMITIDA'),
(2, 'APROBADA POR EL TUTOR'),
(3, 'APROBADA'),
(4, 'NEGADA');
INSERT INTO `Etnia` (`id`, `descripcion`) VALUES
(1, 'AWÁ'),
(2, 'CHACHIS'),
(3, 'ÉPERA'),
(4, 'AFROAMERICANO'),
(5, 'MONTUBIO'),
(6, 'CHOLOPESCADOR'),
(7, 'TSACHILA'),
(8, 'SARAGURO'),
(9, 'NATABUELA'),
(10, 'QUILOTOA'),
(11, 'QUISAPINCHAS'),
(12, 'SALASACAS'),
(13, 'CHIBULEOS'),
(14, 'CAÑARIS'),
(15, 'QUITU CARA'),
(16, 'PANZALEO'),
(17, 'OTAVALOS'),
(18, 'SHUAR'),
(19, 'ACHUAR'),
(20, 'HUAORANI'),
(21, 'SIONA'),
(22, 'SECOYA'),
(23, 'ZÁPARA'),
(24, 'SHIWIAR'),
(25, 'COFÁN'),
(26, 'MESTIZO/A'),
(27, 'BLANCO/A');
INSERT INTO `Genero` (`id`, `descripcion`) VALUES
(1, 'MASCULINO'),
(2, 'FEMENINO'),
(3, 'OTROS');
INSERT INTO `TipoDocumento` (`id`, `descripcion`) VALUES
(1, 'CÉDULA'),
(2, 'PASAPORTE'),
(3, 'RUC');
INSERT INTO `Instituto` (`id`, `descripcion`, `color`) VALUES
(1, 'INSTITUTO TECNOLÓGICO SUPERIOR BENITO JUÁREZ', 'verde'),
(2, 'INSTITUTO TECNOLÓGICO SUPERIOR 24 DE MAYO', 'rojo'),
(3, 'INSTITUTO TECNOLÓGICO SUPERIOR GRAN COLOMBIA', 'amarillo'),
(4, 'INSTITUTO TECNOLÓGICO SUPERIOR DE TURISMO Y PATRIMONIO YAVIRAC', 'azul');
INSERT INTO `Jornada` (`id`, `descripcion`) VALUES
(1, 'MATUTINA'),
(2, 'VESPERTINA'),
(3, 'NOCTURNA'),
(4, 'INTENSIVA');
INSERT INTO `JornadaCarrera` (`id`,`idJornada`,`idCarrera`) VALUES (8,1,1);
INSERT INTO `JornadaCarrera` (`id`,`idJornada`,`idCarrera`) VALUES (9,1,2);
INSERT INTO `JornadaCarrera` (`id`,`idJornada`,`idCarrera`) VALUES (10,1,3);
INSERT INTO `JornadaCarrera` (`id`,`idJornada`,`idCarrera`) VALUES (1,2,1);
INSERT INTO `JornadaCarrera` (`id`,`idJornada`,`idCarrera`) VALUES (2,2,2);
INSERT INTO `JornadaCarrera` (`id`,`idJornada`,`idCarrera`) VALUES (4,2,3);
INSERT INTO `JornadaCarrera` (`id`,`idJornada`,`idCarrera`) VALUES (7,3,1);
INSERT INTO `JornadaCarrera` (`id`,`idJornada`,`idCarrera`) VALUES (3,3,2);
INSERT INTO `JornadaCarrera` (`id`,`idJornada`,`idCarrera`) VALUES (5,3,3);
INSERT INTO `JornadaCarrera` (`id`,`idJornada`,`idCarrera`) VALUES (6,4,4);
INSERT INTO `JornadaCarrera` (`id`,`idJornada`,`idCarrera`) VALUES (11,1,5);
INSERT INTO `JornadaCarrera` (`id`,`idJornada`,`idCarrera`) VALUES (12,2,5);
INSERT INTO `JornadaCarrera` (`id`,`idJornada`,`idCarrera`) VALUES (13,3,5);

INSERT INTO `Modalidad` (`id`, `descripcion`) VALUES
(1, 'PRESENCIAL'),
(2, 'DUAL'),
(3, 'SEMIPRESENCIAL'),
(4, 'DISTANCIA'),
(5, 'VIRTUAL');
INSERT INTO `MotivoSalida` (`id`, `descripcion`) VALUES
(1, 'RENUNCIA VOLUNTARIA'),
(2, 'DESPIDO'),
(3, 'FIN DE CONTRATO');
INSERT INTO `NivelTitulo` (`id`, `descripcion`) VALUES
(1, 'NINGUNO'),
(2, 'BACHILLERATO'),
(3, 'TÉCNICO'),
(4, 'LICENCIATURA'),
(5, 'INGENIERÍA'),
(6, 'MAESTRÍA'),
(7, 'DOCTORADO');
INSERT INTO `CarreraInstituto` (`idCarrera`, `idInstituto`) VALUES
(1, 1),
(2, 2),
(3, 3),
(4, 4);
INSERT INTO `Ocupacion` (`id`, `descripcion`) VALUES
(1, 'DIRECTORES Y GERENTES'),
(2, 'PROFESIONALES CIENTÍFICOS E INTELECTUALES'),
(3, 'TÉCNICOS Y PROFESIONALES DEL NIVEL MEDIO'),
(4, 'PERSONAL DE APOYO ADMINISTRATIVO'),
(5, 'TRABAJADORES DE LOS SERVICIOS Y VENDEDORES DE COMERCIOS Y MERCADOS'),
(6, 'AGRICULTORES Y TRABAJADORES CALIFICADOS AGROPECUARIOS, FORESTALES Y PESQUEROS'),
(7, 'OFICIALES, OPERARIOS Y ARTESANOS DE ARTES MECÁNICAS Y DE OTROS OFICIOS'),
(8, 'OPERADORES DE INSTALACIONES Y MÁQUINAS Y ENSAMBLADORES'),
(9, 'OCUPACIONES ELEMENTALES'),
(10, 'OCUPACIONES MILITARES'),
(11, 'DOCENTE'),
(12, 'ESTUDIANTE');
INSERT INTO `PeriodoAcademico` (`id`, `descripcion`) VALUES
(1, 'PRIMERO'),
(2, 'SEGUNDO'),
(3, 'TERCERO'),
(4, 'CUARTO'),
(5, 'QUINTO'),
(6, 'SEXTO');
INSERT INTO `PeriodoLectivo` (`id`, `descripcion`, `fechaInicio`, `fechaFin`, `matriculable`, `codigo`) VALUES
(1, 'Mayo - Octubre 2017', '2017-05-01 00:00:00', '2017-10-31 00:00:00', 0, '2017-1'),
(2, 'Noviembre 2017 - Abril 2018', '2017-11-01 00:00:00', '2018-04-30 00:00:00', 0, '2017-2'),
(3, 'Mayo 2018 - Octubre 2018', '2018-05-01 00:00:00', '2018-10-30 00:00:00', 1, '2018-1');
INSERT INTO `Roles` (`id`, `descripcion`, `acceso`) VALUES
(1, 'Usuario por activar', 1),
(2, 'Estudiante', 2),
(3, 'Docente', 3),
(4, 'Tutor Matriculación', 4),
(5, 'Secretaría Académica', 5),
(6, 'Aspirante', 6),
(7, 'Rector', 7),
(8, 'Vicerector', 8),
(9, 'Coordinador de Carrera', 9);
INSERT INTO `TipoAula` (`id`, `descripcion`) VALUES
(1, 'AULA'),
(2, 'LABORATORIO');
INSERT INTO `TipoDiscapacidad` (`id`, `descripcion`) VALUES
(1, 'ADITIVA'),
(2, 'FÍSICA'),
(3, 'INTELECTUAL'),
(4, 'LENGUAJE'),
(5, 'PSICOSOCIAL'),
(6, 'VISUAL');
INSERT INTO `TipoEducacionContinua` (`id`, `descripcion`) VALUES
(1, 'ASISTENCIA'),
(2, 'APROBACIÓN');
INSERT INTO `TipoIngresos` (`id`, `descripcion`) VALUES
(1, 'NINGUNO'),
(2, '< 375 USD'),
(3, '375 USD - 700 USD'),
(4, '700 USD - 1000 USD'),
(5, '1000 USD - 1500 USD'),
(6, '1500 USD - 2000 USD'),
(7, '> 2000 USD');
INSERT INTO `TipoInstitucionProcedencia` (`id`, `descripcion`) VALUES
(1, 'FISCAL'),
(2, 'MUNICIPAL'),
(3, 'PARTICULAR'),
(4, 'FISCOMISIONAL');
INSERT INTO `TipoRequisito` (`id`, `descripcion`) VALUES
(1, 'PREREQUISITO'),
(2, 'COREQUISITO');
INSERT INTO `TipoSangre` (`id`, `descripcion`) VALUES
(1, 'O+'),
(2, 'O-'),
(3, 'A+'),
(4, 'A-'),
(5, 'B+'),
(6, 'B-'),
(7, 'AB+'),
(8, 'AB-');
INSERT INTO `Ubicacion` (`id`, `codigo`, `descripcion`, `codigoPadre`) VALUES
(1, '345', 'ECUADOR', NULL),
(2, '401', 'AFGANISTAN', NULL),
(3, '101', 'ALBANIA', NULL),
(4, '126', 'ALEMANIA', NULL),
(5, '124', 'ANDORRA', NULL),
(6, '202', 'ANGOLA', NULL),
(7, '388', 'ANGUILLA', NULL),
(8, '310', 'ANTIGUA Y BARBUDA', NULL),
(9, '384', 'ANTILLAS HOLANDESAS', NULL),
(10, '402', 'ARABIA SAUDI', NULL),
(11, '203', 'ARGELIA', NULL),
(12, '340', 'ARGENTINA', NULL),
(13, '148', 'ARMENIA', NULL),
(14, '386', 'ARUBA', NULL),
(15, '501', 'AUSTRALIA', NULL),
(16, '102', 'AUSTRIA', NULL),
(17, '442', 'AZERBAIYAN', NULL),
(18, '311', 'BAHAMAS', NULL),
(19, '403', 'BAHREIN', NULL),
(20, '404', 'BANGLADESH', NULL),
(21, '312', 'BARBADOS', NULL),
(22, '138', 'BELARUS', NULL),
(23, '103', 'BELGICA', NULL),
(24, '313', 'BELICE', NULL),
(25, '204', 'BENIN', NULL),
(26, '392', 'BERMUDAS', NULL),
(27, '453', 'BHUTÁN', NULL),
(28, '341', 'BOLIVIA', NULL),
(29, '145', 'BOSNIA Y HERZEGOVINA', NULL),
(30, '205', 'BOTSWANA', NULL),
(31, '342', 'BRASIL', NULL),
(32, '439', 'BRUNEI', NULL),
(33, '104', 'BULGARIA', NULL),
(34, '201', 'BURKINA FASO', NULL),
(35, '206', 'BURUNDI', NULL),
(36, '207', 'CABO VERDE', NULL),
(37, '417', 'CAMBOYA', NULL),
(38, '208', 'CAMERUN', NULL),
(39, '301', 'CANADA', NULL),
(40, '246', 'CHAD', NULL),
(41, '344', 'CHILE', NULL),
(42, '407', 'CHINA', NULL),
(43, '106', 'CHIPRE', NULL),
(44, '343', 'COLOMBIA', NULL),
(45, '209', 'COMORES', NULL),
(46, '210', 'CONGO', NULL),
(47, '430', 'COREA', NULL),
(48, '431', 'COREA DEL NORTE', NULL),
(49, '211', 'COSTA DE MARFIL', NULL),
(50, '314', 'COSTA RICA', NULL),
(51, '146', 'CROACIA', NULL),
(52, '315', 'CUBA', NULL),
(53, '107', 'DINAMARCA', NULL),
(54, '212', 'DJIBOUTI', NULL),
(55, '316', 'DOMINICA', NULL),
(56, '213', 'EGIPTO', NULL),
(57, '317', 'EL SALVADOR', NULL),
(58, '408', 'EMIRATOS ARABES UNIDOS', NULL),
(59, '253', 'ERITREA', NULL),
(60, '147', 'ESLOVENIA', NULL),
(61, '108', 'ESPAÑA', NULL),
(62, '302', 'ESTADOS UNIDOS DE AMERICA', NULL),
(63, '141', 'ESTONIA', NULL),
(64, '214', 'ETIOPIA', NULL),
(65, '502', 'FIJI', NULL),
(66, '409', 'FILIPINAS', NULL),
(67, '109', 'FINLANDIA', NULL),
(68, '110', 'FRANCIA', NULL),
(69, '215', 'GABON', NULL),
(70, '216', 'GAMBIA', NULL),
(71, '139', 'GEORGIA', NULL),
(72, '217', 'GHANA', NULL),
(73, '174', 'GIBRALTAR', NULL),
(74, '318', 'GRANADA', NULL),
(75, '111', 'GRECIA', NULL),
(76, '371', 'GROENLANDIA', NULL),
(77, '383', 'GUADALUPE', NULL),
(78, '454', 'GUAM', NULL),
(79, '319', 'GUATEMALA', NULL),
(80, '394', 'GUAYANA FRANCESA', NULL),
(81, '170', 'GUERNESEY', NULL),
(82, '218', 'GUINEA', NULL),
(83, '220', 'GUINEA ECUATORIAL', NULL),
(84, '219', 'GUINEA-BISSAU', NULL),
(85, '346', 'GUYANA', NULL),
(86, '320', 'HAITI', NULL),
(87, '321', 'HONDURAS', NULL),
(88, '450', 'HONG KONG', NULL),
(89, '112', 'HUNGRIA', NULL),
(90, '410', 'INDIA', NULL),
(91, '411', 'INDONESIA', NULL),
(92, '413', 'IRAN', NULL),
(93, '412', 'IRAQ', NULL),
(94, '113', 'IRLANDA', NULL),
(95, '173', 'ISLA DE MAN', NULL),
(96, '521', 'ISLA NORFOLK', NULL),
(97, '114', 'ISLANDIA', NULL),
(98, '177', 'ISLAS ALAND', NULL),
(99, '380', 'ISLAS CAIMÁN', NULL),
(100, '513', 'ISLAS COOK', NULL),
(101, '175', 'ISLAS DEL CANAL', NULL),
(102, '172', 'ISLAS FEROE', NULL),
(103, '395', 'ISLAS MALVINAS', NULL),
(104, '448', 'ISLAS MARIANAS DEL NORTE', NULL),
(105, '440', 'ISLAS MARSHALL', NULL),
(106, '524', 'ISLAS PITCAIRN', NULL),
(107, '506', 'ISLAS SALOMON', NULL),
(108, '381', 'ISLAS TURCAS Y CAICOS', NULL),
(109, '393', 'ISLAS VIRGENES BRITANICAS', NULL),
(110, '382', 'ISLAS VÍRGENES DE LOS ESTADOS UNIDOS', NULL),
(111, '414', 'ISRAEL', NULL),
(112, '115', 'ITALIA', NULL),
(113, '322', 'JAMAICA', NULL),
(114, '415', 'JAPON', NULL),
(115, '176', 'JERSEY', NULL),
(116, '416', 'JORDANIA', NULL),
(117, '443', 'KAZAJSTAN', NULL),
(118, '221', 'KENIA', NULL),
(119, '444', 'KIRGUISTAN', NULL),
(120, '522', 'KIRIBATI', NULL),
(121, '418', 'KUWAIT', NULL),
(122, '419', 'LAOS', NULL),
(123, '222', 'LESOTHO', NULL),
(124, '136', 'LETONIA', NULL),
(125, '420', 'LIBANO', NULL),
(126, '223', 'LIBERIA', NULL),
(127, '224', 'LIBIA', NULL),
(128, '116', 'LIECHTENSTEIN', NULL),
(129, '142', 'LITUANIA', NULL),
(130, '117', 'LUXEMBURGO', NULL),
(131, '455', 'MACAO', NULL),
(132, '156', 'MACEDONIA', NULL),
(133, '225', 'MADAGASCAR', NULL),
(134, '421', 'MALASIA', NULL),
(135, '226', 'MALAWI', NULL),
(136, '422', 'MALDIVAS', NULL),
(137, '227', 'MALI', NULL),
(138, '118', 'MALTA', NULL),
(139, '228', 'MARRUECOS', NULL),
(140, '390', 'MARTINICA', NULL),
(141, '229', 'MAURICIO', NULL),
(142, '230', 'MAURITANIA', NULL),
(143, '262', 'MAYOTTE', NULL),
(144, '303', 'MEXICO', NULL),
(145, '511', 'MICRONESIA', NULL),
(146, '137', 'MOLDAVIA', NULL),
(147, '119', 'MONACO', NULL),
(148, '423', 'MONGOLIA', NULL),
(149, '158', 'MONTENEGRO', NULL),
(150, '387', 'MONTSERRAT', NULL),
(151, '231', 'MOZAMBIQUE', NULL),
(152, '405', 'MYANMAR', NULL),
(153, '232', 'NAMIBIA', NULL),
(154, '515', 'NAURU', NULL),
(155, '424', 'NEPAL', NULL),
(156, '323', 'NICARAGUA', NULL),
(157, '233', 'NIGER', NULL),
(158, '234', 'NIGERIA', NULL),
(159, '523', 'NIUE', NULL),
(160, '120', 'NORUEGA', NULL),
(161, '526', 'NUEVA CALEDONIA', NULL),
(162, '504', 'NUEVA ZELANDA', NULL),
(163, '425', 'OMAN', NULL),
(164, '121', 'PAISES BAJOS', NULL),
(165, '426', 'PAKISTAN', NULL),
(166, '516', 'PALAOS', NULL),
(167, '449', 'PALESTINA', NULL),
(168, '324', 'PANAMA', NULL),
(169, '505', 'PAPUA NUEVA GUINEA', NULL),
(170, '347', 'PARAGUAY', NULL),
(171, '348', 'PERU', NULL),
(172, '520', 'POLINESIA FRANCESA', NULL),
(173, '122', 'POLONIA', NULL),
(174, '123', 'PORTUGAL', NULL),
(175, '391', 'PUERTO RICO', NULL),
(176, '427', 'QATAR', NULL),
(177, '125', 'REINO UNIDO', NULL),
(178, '250', 'REP.DEMOCRATICA DEL CONGO', NULL),
(179, '235', 'REPUBLICA CENTROAFRICANA', NULL),
(180, '143', 'REPUBLICA CHECA', NULL),
(181, '326', 'REPUBLICA DOMINICANA', NULL),
(182, '144', 'REPUBLICA ESLOVACA', NULL),
(183, '261', 'REUNION', NULL),
(184, '237', 'RUANDA', NULL),
(185, '128', 'RUMANIA', NULL),
(186, '154', 'RUSIA', NULL),
(187, '263', 'SAHARA OCCIDENTAL', NULL),
(188, '507', 'SAMOA', NULL),
(189, '528', 'SAMOA AMERICANA', NULL),
(190, '389', 'SAN BARTOLOME', NULL),
(191, '329', 'SAN CRISTOBAL Y NIEVES', NULL),
(192, '129', 'SAN MARINO', NULL),
(193, '385', 'SAN MARTIN (PARTE FRANCESA)', NULL),
(194, '370', 'SAN PEDRO Y MIQUELON', NULL),
(195, '325', 'SAN VICENTE Y LAS GRANADINAS', NULL),
(196, '260', 'SANTA HELENA', NULL),
(197, '328', 'SANTA LUCIA', NULL),
(198, '130', 'SANTA SEDE', NULL),
(199, '238', 'SANTO TOME Y PRINCIPE', NULL),
(200, '239', 'SENEGAL', NULL),
(201, '157', 'SERBIA', NULL),
(202, '240', 'SEYCHELLES', NULL),
(203, '241', 'SIERRA LEONA', NULL),
(204, '432', 'SINGAPUR', NULL),
(205, '433', 'SIRIA', NULL),
(206, '242', 'SOMALIA', NULL),
(207, '434', 'SRI LANKA', NULL),
(208, '236', 'SUDAFRICA', NULL),
(209, '243', 'SUDAN', NULL),
(210, '131', 'SUECIA', NULL),
(211, '132', 'SUIZA', NULL),
(212, '349', 'SURINAM', NULL),
(213, '171', 'SVALBARD Y JAN MAYEN', NULL),
(214, '244', 'SWAZILANDIA', NULL),
(215, '445', 'TADYIKISTAN', NULL),
(216, '435', 'TAILANDIA', NULL),
(217, '245', 'TANZANIA', NULL),
(218, '517', 'TIMOR ORIENTAL', NULL),
(219, '247', 'TOGO', NULL),
(220, '525', 'TOKELAU', NULL),
(221, '508', 'TONGA', NULL),
(222, '327', 'TRINIDAD Y TOBAGO', NULL),
(223, '248', 'TUNEZ', NULL),
(224, '446', 'TURKMENISTAN', NULL),
(225, '436', 'TURQUIA', NULL),
(226, '512', 'TUVALU', NULL),
(227, '135', 'UCRANIA', NULL),
(228, '249', 'UGANDA', NULL),
(229, '350', 'URUGUAY', NULL),
(230, '447', 'UZBEKISTAN', NULL),
(231, '509', 'VANUATU', NULL),
(232, '351', 'VENEZUELA', NULL),
(233, '437', 'VIETNAM', NULL),
(234, '527', 'WALLIS Y FORTUNA', NULL),
(235, '441', 'YEMEN', NULL),
(236, '251', 'ZAMBIA', NULL),
(237, '252', 'ZIMBABWE', NULL),
(238, '345.1', 'AZUAY', '345'),
(239, '345.2', 'BOLÍVAR', '345'),
(240, '345.3', 'CAÑAR', '345'),
(241, '345.4', 'CARCHI', '345'),
(242, '345.5', 'COTOPAXI', '345'),
(243, '345.6', 'CHIMBORAZO', '345'),
(244, '345.7', 'EL ORO', '345'),
(245, '345.8', 'ESMERALDAS', '345'),
(246, '345.9', 'GUAYAS', '345'),
(247, '345.10', 'IMBABURA', '345'),
(248, '345.11', 'LOJA', '345'),
(249, '345.12', 'LOS RÍOS', '345'),
(250, '345.13', 'MANABÍ', '345'),
(251, '345.14', 'MORONA SANTIAGO', '345'),
(252, '345.15', 'NAPO', '345'),
(253, '345.16', 'PASTAZA', '345'),
(254, '345.17', 'PICHINCHA', '345'),
(255, '345.18', 'TUNGURAHUA', '345'),
(256, '345.19', 'ZAMORA CHINCHIPE', '345'),
(257, '345.20', 'GALÁPAGOS', '345'),
(258, '345.21', 'SUCUMBÍOS', '345'),
(259, '345.22', 'ORELLANA', '345'),
(260, '345.23', 'SANTO DOMINGO DE LOS TSÁCHILAS', '345'),
(261, '345.24', 'SANTA ELENA', '345'),
(262, '345.1.1', 'CANTÓN CUENCA', '345.1'),
(263, '345.1.2', 'CANTÓN GUALACEO', '345.1'),
(264, '345.1.3', 'CANTÓN SÍGSIG', '345.1'),
(265, '345.1.4', 'CANTÓN PAUTE', '345.1'),
(266, '345.1.5', 'CANTÓN CAMILO PONCE ENRÍQUEZ', '345.1'),
(267, '345.1.6', 'CANTÓN SANTA ISABEL', '345.1'),
(268, '345.1.7', 'CANTÓN NABÓN', '345.1'),
(269, '345.1.8', 'CANTÓN GIRÓN', '345.1'),
(270, '345.1.9', 'CANTÓN CHORDELEG', '345.1'),
(271, '345.1.10', 'CANTÓN PUCARÁ', '345.1'),
(272, '345.1.11', 'CANTÓN SEVILLA DE ORO', '345.1'),
(273, '345.2.1', 'CANTÓN GUARANDA', '345.2'),
(274, '345.2.2', 'CANTÓN CHIMBO', '345.2'),
(275, '345.2.3', 'CANTÓN CALUMA', '345.2'),
(276, '345.2.4', 'CANTÓN ECHEANDÍA', '345.2'),
(277, '345.2.5', 'CANTÓN CHILLANES', '345.2'),
(278, '345.2.6', 'CANTÓN LAS NAVES', '345.2'),
(279, '345.3.1', 'CANTÓN AZOGUES', '345.3'),
(280, '345.3.2', 'CANTÓN CAÑAR', '345.3'),
(281, '345.3.3', 'CANTÓN LA TRONCAL', '345.3'),
(282, '345.3.4', 'CANTÓN BIBLIÁN', '345.3'),
(283, '345.3.5', 'CANTÓN EL TAMBO', '345.3'),
(284, '345.3.6', 'CANTÓN DÉLEG', '345.3'),
(285, '345.3.7', 'CANTÓN SUSCAL', '345.3'),
(286, '345.4.8', 'CANTÓN TULCÁN', '345.4'),
(287, '345.4.9', 'CANTÓN MONTÚFAR', '345.4'),
(288, '345.4.10', 'CANTÓN BOLÍVAR (CARCHI)', '345.4'),
(289, '345.4.11', 'CANTÓN ESPEJO', '345.4'),
(290, '345.4.12', 'CANTÓN MIRA', '345.4'),
(291, '345.4.13', 'CANTÓN SAN PEDRO DE HUACA', '345.4'),
(292, '345.6.1', 'CANTÓN RIOBAMBA', '345.6'),
(293, '345.6.2', 'CANTÓN GUAMOTE', '345.6'),
(294, '345.6.3', 'CANTÓN COLTA', '345.6'),
(295, '345.6.4', 'CANTÓN ALAUSÍ', '345.6'),
(296, '345.6.5', 'CANTÓN GUANO', '345.6'),
(297, '345.6.6', 'CANTÓN CUMANDÁ', '345.6'),
(298, '345.6.7', 'CANTÓN CHUNCHI', '345.6'),
(299, '345.6.8', 'CANTÓN CHAMBO', '345.6'),
(300, '345.6.9', 'CANTÓN PALLATANGA', '345.6'),
(301, '345.6.10', 'CANTÓN PENIPE', '345.6'),
(302, '345.5.1', 'CANTÓN LATACUNGA', '345.5'),
(303, '345.5.2', 'CANTÓN PUJILÍ', '345.5'),
(304, '345.5.3', 'CANTÓN SALCEDO', '345.5'),
(305, '345.5.4', 'CANTÓN LA MANÁ', '345.5'),
(306, '345.5.5', 'CANTÓN SAQUISILÍ', '345.5'),
(307, '345.5.6', 'CANTÓN PANGUA', '345.5'),
(308, '345.5.7', 'CANTÓN SIGCHOS', '345.5'),
(309, '345.7.1', 'CANTÓN MACHALA', '345.7'),
(310, '345.7.2', 'CANTÓN PASAJE', '345.7'),
(311, '345.7.3', 'CANTÓN SANTA ROSA', '345.7'),
(312, '345.7.4', 'CANTÓN EL GUABO', '345.7'),
(313, '345.7.5', 'CANTÓN HUAQUILLAS', '345.7'),
(314, '345.7.6', 'CANTÓN ARENILLAS', '345.7'),
(315, '345.7.7', 'CANTÓN PIÑAS', '345.7'),
(316, '345.7.8', 'CANTÓN ZARUMA', '345.7'),
(317, '345.7.9', 'CANTÓN PORTOVELO', '345.7'),
(318, '345.7.10', 'CANTÓN BALSAS', '345.7'),
(319, '345.7.11', 'CANTÓN ATAHUALPA', '345.7'),
(320, '345.7.12', 'CANTÓN MARCABELÍ', '345.7'),
(321, '345.8.1', 'CANTÓN MUISNE', '345.8'),
(322, '345.8.2', 'CANTÓN ESMERALDAS', '345.8'),
(323, '345.8.3', 'CANTÓN QUININDÉ', '345.8'),
(324, '345.8.4', 'CANTÓN SAN LORENZO', '345.8'),
(325, '345.8.5', 'CANTÓN ATACAMES', '345.8'),
(326, '345.8.6', 'CANTÓN ELOY ALFARO', '345.8'),
(327, '345.8.7', 'CANTÓN RIOVERDE', '345.8'),
(328, '345.20.1', 'CANTÓN SANTA CRUZ', '345.20'),
(329, '345.20.2', 'CANTÓN SAN CRISTÓBAL', '345.20'),
(330, '345.9.1', 'CANTÓN GUAYAQUIL', '345.9'),
(331, '345.9.2', 'CANTÓN DURÁN', '345.9'),
(332, '345.9.3', 'CANTÓN MILAGRO', '345.9'),
(333, '345.9.4', 'CANTÓN DAULE', '345.9'),
(334, '345.9.5', 'CANTÓN EL EMPALME', '345.9'),
(335, '345.9.6', 'CANTÓN NARANJAL', '345.9'),
(336, '345.9.7', 'CANTÓN SAMBORONDÓN', '345.9'),
(337, '345.9.8', 'CANTÓN YAGUACHI', '345.9'),
(338, '345.9.9', 'CANTÓN SALITRE', '345.9'),
(339, '345.9.10', 'CANTÓN BALZAR', '345.9'),
(340, '345.9.11', 'CANTÓN EL TRIUNFO', '345.9'),
(341, '345.9.12', 'CANTÓN PEDRO CARBO', '345.9'),
(342, '345.9.13', 'CANTÓN PLAYAS', '345.9'),
(343, '345.9.14', 'CANTÓN SANTA LUCÍA', '345.9'),
(344, '345.9.15', 'CANTÓN NARANJITO', '345.9'),
(345, '345.9.16', 'CANTÓN SIMÓN BOLÍVAR', '345.9'),
(346, '345.9.17', 'CANTÓN ALFREDO BAQUERIZO MORENO', '345.9'),
(347, '345.9.18', 'CANTÓN COLIMES', '345.9'),
(348, '345.9.19', 'CANTÓN BALAO', '345.9'),
(349, '345.9.20', 'CANTÓN NOBOL', '345.9'),
(350, '345.9.21', 'CANTÓN LOMAS DE SARGENTILLO', '345.9'),
(351, '345.9.22', 'CANTÓN PALESTINA', '345.9'),
(352, '345.9.23', 'CANTÓN CORONEL MARCELINO MARIDUEÑA', '345.9'),
(353, '345.9.24', 'CANTÓN ISIDRO AYORA', '345.9'),
(354, '345.9.25', 'CANTÓN GENERAL ANTONIO ELIZALDE', '345.9'),
(355, '345.10.1', 'CANTÓN IBARRA', '345.10'),
(356, '345.10.2', 'CANTÓN OTAVALO', '345.10'),
(357, '345.10.3', 'CANTÓN ANTONIO ANTE', '345.10'),
(358, '345.10.4', 'CANTÓN COTACACHI', '345.10'),
(359, '345.10.5', 'CANTÓN SAN MIGUEL DE URCUQUÍ', '345.10'),
(360, '345.10.6', 'CANTÓN PIMAMPIRO', '345.10'),
(361, '345.11.1', 'CANTÓN LOJA', '345.11'),
(362, '345.11.2', 'CANTÓN CATAMAYO', '345.11'),
(363, '345.11.3', 'CANTÓN SARAGURO', '345.11'),
(364, '345.11.4', 'CANTÓN CALVAS', '345.11'),
(365, '345.11.5', 'CANTÓN PALTAS', '345.11'),
(366, '345.11.6', 'CANTÓN MACARÁ', '345.11'),
(367, '345.11.7', 'CANTÓN PUYANGO', '345.11'),
(368, '345.11.8', 'CANTÓN ESPÍNDOLA', '345.11'),
(369, '345.11.9', 'CANTÓN CELICA', '345.11'),
(370, '345.11.10', 'CANTÓN GONZANAMÁ', '345.11'),
(371, '345.11.11', 'CANTÓN ZAPOTILLO', '345.11'),
(372, '345.11.12', 'CANTÓN PINDAL', '345.11'),
(373, '345.11.13', 'CANTÓN SOZORANGA', '345.11'),
(374, '345.11.14', 'CANTÓN CHAGUARPAMBA', '345.11'),
(375, '345.11.15', 'CANTÓN OLMEDO (LOJA)', '345.11'),
(376, '345.12.1', 'CANTÓN QUEVEDO', '345.12'),
(377, '345.12.2', 'CANTÓN BABAHOYO', '345.12'),
(378, '345.12.3', 'CANTÓN VINCES', '345.12'),
(379, '345.12.4', 'CANTÓN VENTANAS', '345.12'),
(380, '345.12.5', 'CANTÓN BUENA FE', '345.12'),
(381, '345.12.6', 'CANTÓN VALENCIA', '345.12'),
(382, '345.12.7', 'CANTÓN BABA', '345.12'),
(383, '345.12.8', 'CANTÓN MOCACHE', '345.12'),
(384, '345.12.9', 'CANTÓN PUEBLOVIEJO', '345.12'),
(385, '345.12.10', 'CANTÓN URDANETA', '345.12'),
(386, '345.12.11', 'CANTÓN MONTALVO', '345.12'),
(387, '345.12.12', 'CANTÓN PALENQUE', '345.12'),
(388, '345.12.13', 'CANTÓN QUINSALOMA', '345.12'),
(389, '345.13.1', 'CANTÓN PORTOVIEJO', '345.13'),
(390, '345.13.2', 'CANTÓN MANTA', '345.13'),
(391, '345.13.3', 'CANTÓN CHONE', '345.13'),
(392, '345.13.4', 'CANTÓN EL CARMEN', '345.13'),
(393, '345.13.5', 'CANTÓN JIPIJAPA', '345.13'),
(394, '345.13.6', 'CANTÓN MONTECRISTI', '345.13'),
(395, '345.13.7', 'CANTÓN SUCRE', '345.13'),
(396, '345.13.8', 'CANTÓN PEDERNALES', '345.13'),
(397, '345.13.9', 'CANTÓN SANTA ANA', '345.13'),
(398, '345.13.10', 'CANTÓN BOLÍVAR (MANABÍ)', '345.13'),
(399, '345.13.11', 'CANTÓN TOSAGUA', '345.13'),
(400, '345.13.12', 'CANTÓN SAN VICENTE', '345.13'),
(401, '345.13.13', 'CANTÓN PAJÁN', '345.13'),
(402, '345.13.14', 'CANTÓN ROCAFUERTE', '345.13'),
(403, '345.13.15', 'CANTÓN PICHINCHA', '345.13'),
(404, '345.13.16', 'CANTÓN VEINTICUATRO DE MAYO', '345.13'),
(405, '345.13.17', 'CANTÓN FLAVIO ALFARO', '345.13'),
(406, '345.13.18', 'CANTÓN JAMA', '345.13'),
(407, '345.13.19', 'CANTÓN PUERTO LÓPEZ', '345.13'),
(408, '345.13.20', 'CANTÓN JUNÍN', '345.13'),
(409, '345.13.21', 'CANTÓN JARAMIJÓ', '345.13'),
(410, '345.13.22', 'CANTÓN OLMEDO (MANABÍ)', '345.13'),
(411, '345.14.1', 'CANTÓN MORONA', '345.14'),
(412, '345.14.2', 'CANTÓN TAISHA', '345.14'),
(413, '345.14.3', 'CANTÓN SUCÚA', '345.14'),
(414, '345.14.4', 'CANTÓN GUALAQUIZA', '345.14'),
(415, '345.14.5', 'CANTÓN PALORA', '345.14'),
(416, '345.14.6', 'CANTÓN LIMÓN INDANZA', '345.14'),
(417, '345.14.7', 'CANTÓN SANTIAGO', '345.14'),
(418, '345.14.8', 'CANTÓN HUAMBOYA', '345.14'),
(419, '345.14.9', 'CANTÓN TIWINTZA', '345.14'),
(420, '345.14.10', 'CANTÓN LOGROÑO', '345.14'),
(421, '345.15.1', 'CANTÓN TENA', '345.15'),
(422, '345.15.2', 'CANTÓN ARCHIDONA', '345.15'),
(423, '345.15.3', 'CANTÓN EL CHACO', '345.15'),
(424, '345.15.4', 'CANTÓN QUIJOS', '345.15'),
(425, '345.22.1', 'CANTÓN ORELLANA', '345.22'),
(426, '345.22.2', 'CANTÓN LA JOYA DE LOS SACHAS', '345.22'),
(427, '345.22.3', 'CANTÓN LORETO', '345.22'),
(428, '345.22.4', 'CANTÓN AGUARICO', '345.22'),
(429, '345.16.1', 'CANTÓN PASTAZA', '345.16'),
(430, '345.16.2', 'CANTÓN MERA', '345.16'),
(431, '345.16.3', 'CANTÓN ARAJUNO', '345.16'),
(432, '345.17.1', 'DISTRITO METROPOLITANO DE QUITO', '345.17'),
(433, '345.17.2', 'CANTÓN RUMIÑAHUI', '345.17'),
(434, '345.17.3', 'CANTÓN CAYAMBE', '345.17'),
(435, '345.17.4', 'CANTÓN MEJÍA', '345.17'),
(436, '345.17.5', 'CANTÓN PEDRO MONCAYO', '345.17'),
(437, '345.17.6', 'CANTÓN PUERTO QUITO', '345.17'),
(438, '345.17.7', 'CANTÓN SAN MIGUEL DE LOS BANCOS', '345.17'),
(439, '345.17.8', 'CANTÓN PEDRO VICENTE MALDONADO', '345.17'),
(440, '345.24.1', 'CANTÓN SANTA ELENA', '345.24'),
(441, '345.24.2', 'CANTÓN LA LIBERTAD', '345.24'),
(442, '345.24.3', 'CANTÓN SALINAS', '345.24'),
(443, '345.23.1', 'CANTÓN SANTO DOMINGO (ECUADOR)', '345.23'),
(444, '345.23.2', 'CANTÓN LA CONCORDIA', '345.23'),
(445, '345.21.1', 'CANTÓN LAGO AGRIO', '345.21'),
(446, '345.21.2', 'CANTÓN SHUSHUFINDI', '345.21'),
(447, '345.21.3', 'CANTÓN CASCALES', '345.21'),
(448, '345.21.4', 'CANTÓN PUTUMAYO', '345.21'),
(449, '345.21.5', 'CANTÓN GONZALO PIZARRO', '345.21'),
(450, '345.21.6', 'CANTÓN CUYABENO', '345.21'),
(451, '345.18.1', 'CANTÓN AMBATO', '345.18'),
(452, '345.18.2', 'CANTÓN PELILEO', '345.18'),
(453, '345.18.3', 'CANTÓN PÍLLARO', '345.18'),
(454, '345.18.4', 'CANTÓN BAÑOS', '345.18'),
(455, '345.18.5', 'CANTÓN PATATE', '345.18'),
(456, '345.18.6', 'CANTÓN TISALEO', '345.18'),
(457, '345.18.7', 'CANTÓN QUERO', '345.18'),
(458, '345.18.8', 'CANTÓN CEVALLOS', '345.18'),
(459, '345.18.9', 'CANTÓN MOCHA', '345.18'),
(460, '345.19.1', 'CANTÓN ZAMORA', '345.19'),
(461, '345.19.2', 'CANTÓN YANTZAZA', '345.19'),
(462, '345.19.3', 'CANTÓN CHINCHIPE', '345.19'),
(463, '345.19.4', 'CANTÓN EL PANGUI', '345.19'),
(464, '345.19.5', 'CANTÓN PALANDA', '345.19'),
(465, '345.19.6', 'CANTÓN CENTINELA DEL CÓNDOR', '345.19'),
(466, '345.19.7', 'CANTÓN YACUAMBI', '345.19'),
(467, '345.19.8', 'CANTÓN NANGARITZA', '345.19'),
(468, '345.9.7.1', 'LA PUNTILLA (SATÉLITE)', '345.9.7'),
(469, '345.9.7.2', 'SAMBORONDÓN', '345.9.7'),
(470, '345.9.7.3', 'SAMBORONDÓN', '345.9.7'),
(471, '345.9.7.4', 'TARIFA', '345.9.7'),
(472, '345.9.6.5', 'JESÚS MARÍA', '345.9.6'),
(473, '345.9.6.6', 'NARANJAL', '345.9.6'),
(474, '345.9.6.7', 'SAN CARLOS', '345.9.6'),
(475, '345.9.6.8', 'SANTA ROSA DE FLANDES', '345.9.6'),
(476, '345.9.6.9', 'TAURA', '345.9.6'),
(477, '345.9.5.10', 'EL ROSARIO', '345.9.5'),
(478, '345.9.5.11', 'GUAYAS (PUEBLO NUEVO)', '345.9.5'),
(479, '345.9.5.12', 'VELASCO IBARRA (EL EMPALME)', '345.9.5'),
(480, '345.9.4.13', 'BANIFE', '345.9.4'),
(481, '345.9.4.14', 'DAULE', '345.9.4'),
(482, '345.9.4.15', 'DAULE', '345.9.4'),
(483, '345.9.4.16', 'EMILIANO CAICEDO MARCOS', '345.9.4'),
(484, '345.9.4.17', 'ISIDRO AYORA (SOLEDAD)', '345.9.4'),
(485, '345.9.4.18', 'JUAN BAUTISTA AGUIRRE (LOS TINTOS)', '345.9.4'),
(486, '345.9.4.19', 'LA AURORA (SATÉLITE)', '345.9.4'),
(487, '345.9.4.20', 'LAUREL', '345.9.4'),
(488, '345.9.4.21', 'LIMONAL', '345.9.4'),
(489, '345.9.4.22', 'LOMAS DE SARGENTILLO', '345.9.4'),
(490, '345.9.4.23', 'LOS LOJAS (ENRIQUE BAQUERIZO MORENO)', '345.9.4'),
(491, '345.9.4.24', 'MAGRO', '345.9.4'),
(492, '345.9.4.25', 'PADRE JUAN BAUTISTA AGUIRRE', '345.9.4'),
(493, '345.9.4.26', 'PIEDRAHITA (NOBOL)', '345.9.4'),
(494, '345.9.4.27', 'SANTA CLARA', '345.9.4'),
(495, '345.9.4.28', 'VICENTE PIEDRAHITA', '345.9.4'),
(496, '345.9.3.29', 'CHOBO', '345.9.3'),
(497, '345.9.3.30', 'GENERAL ELIZALDE (BUCAY)', '345.9.3'),
(498, '345.9.3.31', 'MARISCAL SUCRE (HUAQUES)', '345.9.3'),
(499, '345.9.3.32', 'MILAGRO', '345.9.3'),
(500, '345.9.3.33', 'ROBERTO ASTUDILLO (CAB. EN CRUCE DE VENECIA)', '345.9.3'),
(501, '345.9.25.34', 'GENERAL ANTONIO ELIZALDE (BUCAY)', '345.9.25'),
(502, '345.9.24.35', 'ISIDRO AYORA', '345.9.24'),
(503, '345.9.23.36', 'CORONEL MARCELINO MARIDUEÑA (SAN CARLOS)', '345.9.23'),
(504, '345.9.22.37', 'PALESTINA', '345.9.22'),
(505, '345.9.21.38', 'ISIDRO AYORA (SOLEDAD)', '345.9.21'),
(506, '345.9.21.39', 'LOMAS DE SARGENTILLO', '345.9.21'),
(507, '345.9.20.40', 'NARCISA DE JESÚS', '345.9.20'),
(508, '345.9.2.41', 'EL RECREO', '345.9.2'),
(509, '345.9.2.42', 'ELOY ALFARO (DURÁN)', '345.9.2'),
(510, '345.9.2.43', 'ELOY ALFARO (DURÁN)', '345.9.2'),
(511, '345.9.19.44', 'BALAO', '345.9.19'),
(512, '345.9.18.45', 'COLIMES', '345.9.18'),
(513, '345.9.18.46', 'SAN JACINTO', '345.9.18'),
(514, '345.9.16.47', 'CRNEL.LORENZO DE GARAICOA (PEDREGAL)', '345.9.16'),
(515, '345.9.16.48', 'SIMÓN BOLÍVAR', '345.9.16'),
(516, '345.9.15.49', 'NARANJITO', '345.9.15'),
(517, '345.9.14.50', 'SANTA LUCÍA', '345.9.14'),
(518, '345.9.13.51', 'GENERAL VILLAMIL (PLAYAS)', '345.9.13'),
(519, '345.9.12.52', 'PEDRO CARBO', '345.9.12'),
(520, '345.9.12.53', 'SABANILLA', '345.9.12'),
(521, '345.9.12.54', 'VALLE DE LA VIRGEN', '345.9.12'),
(522, '345.9.11.55', 'EL TRIUNFO', '345.9.11'),
(523, '345.9.10.56', 'BALZAR', '345.9.10'),
(524, '345.9.1.57', 'AYACUCHO', '345.9.1'),
(525, '345.9.1.58', 'BOLÍVAR (SAGRARIO)', '345.9.1'),
(526, '345.9.1.59', 'CARBO (CONCEPCIÓN)', '345.9.1'),
(527, '345.9.1.60', 'CHONGÓN', '345.9.1'),
(528, '345.9.1.61', 'FEBRES CORDERO', '345.9.1'),
(529, '345.9.1.62', 'GARCÍA MORENO', '345.9.1'),
(530, '345.9.1.63', 'GUAYAQUIL', '345.9.1'),
(531, '345.9.1.64', 'JUAN GÓMEZ RENDÓN (PROGRESO)', '345.9.1'),
(532, '345.9.1.65', 'LETAMENDI', '345.9.1'),
(533, '345.9.1.66', 'MORRO', '345.9.1'),
(534, '345.9.1.67', 'NUEVE DE OCTUBRE', '345.9.1'),
(535, '345.9.1.68', 'OLMEDO (SAN ALEJO)', '345.9.1'),
(536, '345.9.1.69', 'PASCUALES', '345.9.1'),
(537, '345.9.1.70', 'PASCUALES', '345.9.1'),
(538, '345.9.1.71', 'PLAYAS (GRAL. VILLAMIL)', '345.9.1'),
(539, '345.9.1.72', 'POSORJA', '345.9.1'),
(540, '345.9.1.73', 'PUNÁ', '345.9.1'),
(541, '345.9.1.74', 'ROCA', '345.9.1'),
(542, '345.9.1.75', 'ROCAFUERTE', '345.9.1'),
(543, '345.9.1.76', 'SUCRE', '345.9.1'),
(544, '345.9.1.77', 'TARQUI', '345.9.1'),
(545, '345.9.1.78', 'TENGUEL', '345.9.1'),
(546, '345.9.1.79', 'URDANETA', '345.9.1'),
(547, '345.9.1.80', 'XIMENA', '345.9.1'),
(548, '345.8.7.81', 'CHONTADURO', '345.8.7'),
(549, '345.8.7.82', 'CHUMUNDÉ', '345.8.7'),
(550, '345.8.7.83', 'LAGARTO', '345.8.7'),
(551, '345.8.7.84', 'MONTALVO (CAB. EN HORQUETA)', '345.8.7'),
(552, '345.8.7.85', 'RIOVERDE', '345.8.7'),
(553, '345.8.7.86', 'ROCAFUERTE', '345.8.7'),
(554, '345.8.6.87', 'ANCHAYACU', '345.8.6'),
(555, '345.8.6.88', 'ATAHUALPA (CAB. EN CAMARONES)', '345.8.6'),
(556, '345.8.6.89', 'BORBÓN', '345.8.6'),
(557, '345.8.6.90', 'COLÓN ELOY DEL MARÍA', '345.8.6'),
(558, '345.8.6.91', 'LA TOLA', '345.8.6'),
(559, '345.8.6.92', 'LUIS VARGAS TORRES (CAB. EN PLAYA DE ORO)', '345.8.6'),
(560, '345.8.6.93', 'MALDONADO', '345.8.6'),
(561, '345.8.6.94', 'PAMPANAL DE BOLÍVAR', '345.8.6'),
(562, '345.8.6.95', 'SAN FRANCISCO DE ONZOLE', '345.8.6'),
(563, '345.8.6.96', 'SAN JOSÉ DE CAYAPAS', '345.8.6'),
(564, '345.8.6.97', 'SANTO DOMINGO DE ONZOLE', '345.8.6'),
(565, '345.8.6.98', 'SELVA ALEGRE', '345.8.6'),
(566, '345.8.6.99', 'TELEMBÍ', '345.8.6'),
(567, '345.8.6.100', 'TIMBIRÉ', '345.8.6'),
(568, '345.8.6.101', 'VALDEZ (LIMONES)', '345.8.6'),
(569, '345.8.5.102', 'ATACAMES', '345.8.5'),
(570, '345.8.5.103', 'LA UNIÓN', '345.8.5'),
(571, '345.8.5.104', 'SÚA (CAB. EN LA BOCANA)', '345.8.5'),
(572, '345.8.5.105', 'TONCHIGÜE', '345.8.5'),
(573, '345.8.5.106', 'TONSUPA', '345.8.5'),
(574, '345.8.4.107', '5 DE JUNIO (CAB. EN UIMBI)', '345.8.4'),
(575, '345.8.4.108', 'ALTO TAMBO (CAB. EN GUADUAL)', '345.8.4'),
(576, '345.8.4.109', 'ANCÓN (PICHANGAL) (CAB. EN PALMA REAL)', '345.8.4'),
(577, '345.8.4.110', 'CALDERÓN', '345.8.4'),
(578, '345.8.4.111', 'CARONDELET', '345.8.4'),
(579, '345.8.4.112', 'CONCEPCIÓN', '345.8.4'),
(580, '345.8.4.113', 'MATAJE (CAB. EN SANTANDER)', '345.8.4'),
(581, '345.8.4.114', 'SAN JAVIER DE CACHAVÍ (CAB. EN SAN JAVIER)', '345.8.4'),
(582, '345.8.4.115', 'SAN LORENZO', '345.8.4'),
(583, '345.8.4.116', 'SANTA RITA', '345.8.4'),
(584, '345.8.4.117', 'TAMBILLO', '345.8.4'),
(585, '345.8.4.118', 'TULULBÍ (CAB. EN RICAURTE)', '345.8.4'),
(586, '345.8.4.119', 'URBINA', '345.8.4'),
(587, '345.8.3.120', 'CHURA (CHANCAMA) (CAB. EN EL YERBERO)', '345.8.3'),
(588, '345.8.3.121', 'CUBE', '345.8.3'),
(589, '345.8.3.122', 'LA UNIÓN', '345.8.3'),
(590, '345.8.3.123', 'MALIMPIA', '345.8.3'),
(591, '345.8.3.124', 'ROSA ZÁRATE (QUININDÉ)', '345.8.3'),
(592, '345.8.3.125', 'VICHE', '345.8.3'),
(593, '345.8.2.126', '5 DE AGOSTO', '345.8.2'),
(594, '345.8.2.127', 'ATACAMES', '345.8.2'),
(595, '345.8.2.128', 'BARTOLOMÉ RUIZ (CÉSAR FRANCO CARRIÓN)', '345.8.2'),
(596, '345.8.2.129', 'CAMARONES (CAB. EN SAN VICENTE)', '345.8.2'),
(597, '345.8.2.130', 'CHINCA', '345.8.2'),
(598, '345.8.2.131', 'CHONTADURO', '345.8.2'),
(599, '345.8.2.132', 'CHUMUNDÉ', '345.8.2'),
(600, '345.8.2.133', 'CRNEL. CARLOS CONCHA TORRES (CAB.EN HUELE)', '345.8.2'),
(601, '345.8.2.134', 'ESMERALDAS', '345.8.2'),
(602, '345.8.2.135', 'ESMERALDAS', '345.8.2'),
(603, '345.8.2.136', 'LA UNIÓN', '345.8.2'),
(604, '345.8.2.137', 'LAGARTO', '345.8.2'),
(605, '345.8.2.138', 'LUIS TELLO (LAS PALMAS)', '345.8.2'),
(606, '345.8.2.139', 'MAJUA', '345.8.2'),
(607, '345.8.2.140', 'MONTALVO (CAB. EN HORQUETA)', '345.8.2'),
(608, '345.8.2.141', 'RÍO VERDE', '345.8.2'),
(609, '345.8.2.142', 'ROCAFUERTE', '345.8.2'),
(610, '345.8.2.143', 'SAN MATEO', '345.8.2'),
(611, '345.8.2.144', 'SIMÓN PLATA TORRES', '345.8.2'),
(612, '345.8.2.145', 'SÚA (CAB. EN LA BOCANA)', '345.8.2'),
(613, '345.8.2.146', 'TABIAZO', '345.8.2'),
(614, '345.8.2.147', 'TACHINA', '345.8.2'),
(615, '345.8.2.148', 'TONCHIGÜE', '345.8.2'),
(616, '345.8.2.149', 'VUELTA LARGA', '345.8.2'),
(617, '345.8.1.150', 'BOLÍVAR', '345.8.1'),
(618, '345.8.1.151', 'DAULE', '345.8.1'),
(619, '345.8.1.152', 'GALERA', '345.8.1'),
(620, '345.8.1.153', 'MUISNE', '345.8.1'),
(621, '345.8.1.154', 'QUINGUE (OLMEDO PERDOMO FRANCO)', '345.8.1'),
(622, '345.8.1.155', 'SALIMA', '345.8.1'),
(623, '345.8.1.156', 'SAN FRANCISCO', '345.8.1'),
(624, '345.8.1.157', 'SAN GREGORIO', '345.8.1'),
(625, '345.8.1.158', 'SAN JOSÉ DE CHAMANGA (CAB.EN CHAMANGA)', '345.8.1'),
(626, '345.7.9.159', 'CURTINCAPA', '345.7.9'),
(627, '345.7.9.160', 'MORALES', '345.7.9'),
(628, '345.7.9.161', 'PORTOVELO', '345.7.9'),
(629, '345.7.9.162', 'SALATÍ', '345.7.9'),
(630, '345.7.8.163', 'ABAÑÍN', '345.7.8'),
(631, '345.7.8.164', 'ARCAPAMBA', '345.7.8'),
(632, '345.7.8.165', 'GUANAZÁN', '345.7.8'),
(633, '345.7.8.166', 'GUIZHAGUIÑA', '345.7.8'),
(634, '345.7.8.167', 'HUERTAS', '345.7.8'),
(635, '345.7.8.168', 'MALVAS', '345.7.8'),
(636, '345.7.8.169', 'MULUNCAY GRANDE', '345.7.8'),
(637, '345.7.8.170', 'SALVIAS', '345.7.8'),
(638, '345.7.8.171', 'SINSAO', '345.7.8'),
(639, '345.7.8.172', 'ZARUMA', '345.7.8'),
(640, '345.7.7.173', 'CAPIRO (CAB. EN LA CAPILLA DE CAPIRO)', '345.7.7'),
(641, '345.7.7.174', 'LA BOCANA', '345.7.7'),
(642, '345.7.7.175', 'LA MATRIZ', '345.7.7'),
(643, '345.7.7.176', 'LA SUSAYA', '345.7.7'),
(644, '345.7.7.177', 'MOROMORO (CAB. EN EL VADO)', '345.7.7'),
(645, '345.7.7.178', 'PIEDRAS', '345.7.7'),
(646, '345.7.7.179', 'PIÑAS', '345.7.7'),
(647, '345.7.7.180', 'PIÑAS GRANDE', '345.7.7'),
(648, '345.7.7.181', 'SAN ROQUE (AMBROSIO MALDONADO)', '345.7.7'),
(649, '345.7.7.182', 'SARACAY', '345.7.7'),
(650, '345.7.6.183', 'ARENILLAS', '345.7.6'),
(651, '345.7.6.184', 'CARCABÓN', '345.7.6'),
(652, '345.7.6.185', 'CHACRAS', '345.7.6'),
(653, '345.7.6.186', 'LA LIBERTAD', '345.7.6'),
(654, '345.7.6.187', 'LAS LAJAS (CAB. EN LA VICTORIA)', '345.7.6'),
(655, '345.7.6.188', 'PALMALES', '345.7.6'),
(656, '345.7.5.189', 'ECUADOR', '345.7.5'),
(657, '345.7.5.190', 'EL PARAÍSO', '345.7.5'),
(658, '345.7.5.191', 'HUALTACO', '345.7.5'),
(659, '345.7.5.192', 'HUAQUILLAS', '345.7.5'),
(660, '345.7.5.193', 'MILTON REYES', '345.7.5'),
(661, '345.7.5.194', 'UNIÓN LOJANA', '345.7.5'),
(662, '345.7.4.195', 'BARBONES (SUCRE)', '345.7.4'),
(663, '345.7.4.196', 'EL GUABO', '345.7.4'),
(664, '345.7.4.197', 'LA IBERIA', '345.7.4'),
(665, '345.7.4.198', 'RÍO BONITO', '345.7.4'),
(666, '345.7.4.199', 'TENDALES (CAB.EN PUERTO TENDALES)', '345.7.4'),
(667, '345.7.3.200', 'BALNEARIO JAMBELÍ (SATÉLITE)', '345.7.3'),
(668, '345.7.3.201', 'BELLAMARÍA', '345.7.3'),
(669, '345.7.3.202', 'BELLAVISTA', '345.7.3'),
(670, '345.7.3.203', 'JAMBELÍ', '345.7.3'),
(671, '345.7.3.204', 'JUMÓN (SATÉLITE)', '345.7.3'),
(672, '345.7.3.205', 'LA AVANZADA', '345.7.3'),
(673, '345.7.3.206', 'NUEVO SANTA ROSA', '345.7.3'),
(674, '345.7.3.207', 'PUERTO JELÍ', '345.7.3'),
(675, '345.7.3.208', 'SAN ANTONIO', '345.7.3'),
(676, '345.7.3.209', 'SANTA ROSA', '345.7.3'),
(677, '345.7.3.210', 'SANTA ROSA', '345.7.3'),
(678, '345.7.3.211', 'TORATA', '345.7.3'),
(679, '345.7.3.212', 'VICTORIA', '345.7.3'),
(680, '345.7.2.213', 'BOLÍVAR', '345.7.2'),
(681, '345.7.2.214', 'BUENAVISTA', '345.7.2'),
(682, '345.7.2.215', 'CAÑAQUEMADA', '345.7.2'),
(683, '345.7.2.216', 'CASACAY', '345.7.2'),
(684, '345.7.2.217', 'LA PEAÑA', '345.7.2'),
(685, '345.7.2.218', 'LOMA DE FRANCO', '345.7.2'),
(686, '345.7.2.219', 'OCHOA LEÓN (MATRIZ)', '345.7.2'),
(687, '345.7.2.220', 'PASAJE', '345.7.2'),
(688, '345.7.2.221', 'PROGRESO', '345.7.2'),
(689, '345.7.2.222', 'TRES CERRITOS', '345.7.2'),
(690, '345.7.2.223', 'UZHCURRUMI', '345.7.2'),
(691, '345.7.12.224', 'EL INGENIO', '345.7.12'),
(692, '345.7.12.225', 'MARCABELÍ', '345.7.12'),
(693, '345.7.11.226', 'AYAPAMBA', '345.7.11'),
(694, '345.7.11.227', 'CORDONCILLO', '345.7.11'),
(695, '345.7.11.228', 'MILAGRO', '345.7.11'),
(696, '345.7.11.229', 'PACCHA', '345.7.11'),
(697, '345.7.11.230', 'SAN JOSÉ', '345.7.11'),
(698, '345.7.11.231', 'SAN JUAN DE CERRO AZUL', '345.7.11'),
(699, '345.7.10.232', 'BALSAS', '345.7.10'),
(700, '345.7.10.233', 'BELLAMARÍA', '345.7.10'),
(701, '345.7.1.234', 'EL CAMBIO', '345.7.1'),
(702, '345.7.1.235', 'EL CAMBIO', '345.7.1'),
(703, '345.7.1.236', 'EL RETIRO', '345.7.1'),
(704, '345.7.1.237', 'LA PROVIDENCIA', '345.7.1'),
(705, '345.7.1.238', 'MACHALA', '345.7.1'),
(706, '345.7.1.239', 'MACHALA', '345.7.1'),
(707, '345.7.1.240', 'NUEVE DE MAYO', '345.7.1'),
(708, '345.7.1.241', 'PUERTO BOLÍVAR', '345.7.1'),
(709, '345.6.9.242', 'PALLATANGA', '345.6.9'),
(710, '345.6.8.243', 'CHAMBO', '345.6.8'),
(711, '345.6.7.244', 'CAPZOL', '345.6.7'),
(712, '345.6.7.245', 'CHUNCHI', '345.6.7'),
(713, '345.6.7.246', 'COMPUD', '345.6.7'),
(714, '345.6.7.247', 'GONZOL', '345.6.7'),
(715, '345.6.7.248', 'LLAGOS', '345.6.7'),
(716, '345.6.6.249', 'CUMANDÁ', '345.6.6'),
(717, '345.6.5.250', 'EL ROSARIO', '345.6.5'),
(718, '345.6.5.251', 'GUANANDO', '345.6.5'),
(719, '345.6.5.252', 'GUANO', '345.6.5'),
(720, '345.6.5.253', 'ILAPO', '345.6.5'),
(721, '345.6.5.254', 'LA MATRIZ', '345.6.5'),
(722, '345.6.5.255', 'LA PROVIDENCIA', '345.6.5'),
(723, '345.6.5.256', 'SAN ANDRÉS', '345.6.5'),
(724, '345.6.5.257', 'SAN GERARDO DE PACAICAGUÁN', '345.6.5'),
(725, '345.6.5.258', 'SAN ISIDRO DE PATULÚ', '345.6.5'),
(726, '345.6.5.259', 'SAN JOSÉ DEL CHAZO', '345.6.5'),
(727, '345.6.5.260', 'SANTA FÉ DE GALÁN', '345.6.5'),
(728, '345.6.5.261', 'VALPARAÍSO', '345.6.5'),
(729, '345.6.3.262', 'CAJABAMBA', '345.6.3'),
(730, '345.6.3.263', 'CAÑI', '345.6.3'),
(731, '345.6.3.264', 'COLUMBE', '345.6.3'),
(732, '345.6.3.265', 'JUAN DE VELASCO (PANGOR)', '345.6.3'),
(733, '345.6.3.266', 'SANTIAGO DE QUITO (CAB. EN SAN ANTONIO DE QUITO)', '345.6.3'),
(734, '345.6.3.267', 'SICALPA', '345.6.3'),
(735, '345.6.3.268', 'VILLA LA UNIÓN (CAJABAMBA)', '345.6.3'),
(736, '345.6.2.269', 'CEBADAS', '345.6.2'),
(737, '345.6.2.270', 'GUAMOTE', '345.6.2'),
(738, '345.6.2.271', 'PALMIRA', '345.6.2'),
(739, '345.6.10.272', 'BILBAO (CAB.EN QUILLUYACU)', '345.6.10'),
(740, '345.6.10.273', 'EL ALTAR', '345.6.10'),
(741, '345.6.10.274', 'LA CANDELARIA', '345.6.10'),
(742, '345.6.10.275', 'MATUS', '345.6.10'),
(743, '345.6.10.276', 'PENIPE', '345.6.10'),
(744, '345.6.10.277', 'PUELA', '345.6.10'),
(745, '345.6.10.278', 'SAN ANTONIO DE BAYUSHIG', '345.6.10'),
(746, '345.6.1.279', 'CACHA (CAB. EN MACHÁNGARA)', '345.6.1'),
(747, '345.6.1.280', 'CALPI', '345.6.1'),
(748, '345.6.1.281', 'CUBIJÍES', '345.6.1'),
(749, '345.6.1.282', 'FLORES', '345.6.1'),
(750, '345.6.1.283', 'LICÁN', '345.6.1'),
(751, '345.6.1.284', 'LICTO', '345.6.1'),
(752, '345.6.1.285', 'LIZARZABURU', '345.6.1'),
(753, '345.6.1.286', 'MALDONADO', '345.6.1'),
(754, '345.6.1.287', 'PUNGALÁ', '345.6.1'),
(755, '345.6.1.288', 'PUNÍN', '345.6.1'),
(756, '345.6.1.289', 'QUIMIAG', '345.6.1'),
(757, '345.6.1.290', 'RIOBAMBA', '345.6.1'),
(758, '345.6.1.291', 'SAN JUAN', '345.6.1'),
(759, '345.6.1.292', 'SAN LUIS', '345.6.1'),
(760, '345.6.1.293', 'VELASCO', '345.6.1'),
(761, '345.6.1.294', 'VELOZ', '345.6.1'),
(762, '345.6.1.295', 'YARUQUÍES', '345.6.1'),
(763, '345.5.7.296', 'CHUGCHILLÁN', '345.5.7'),
(764, '345.5.7.297', 'ISINLIVÍ', '345.5.7'),
(765, '345.5.7.298', 'LAS PAMPAS', '345.5.7'),
(766, '345.5.7.299', 'PALO QUEMADO', '345.5.7'),
(767, '345.5.7.300', 'SIGCHOS', '345.5.7'),
(768, '345.5.6.301', 'EL CORAZÓN', '345.5.6'),
(769, '345.5.6.302', 'MORASPUNGO', '345.5.6'),
(770, '345.5.6.303', 'PINLLOPATA', '345.5.6'),
(771, '345.5.6.304', 'RAMÓN CAMPAÑA', '345.5.6'),
(772, '345.5.5.305', 'CANCHAGUA', '345.5.5'),
(773, '345.5.5.306', 'CHANTILÍN', '345.5.5'),
(774, '345.5.5.307', 'COCHAPAMBA', '345.5.5'),
(775, '345.5.5.308', 'SAQUISILÍ', '345.5.5'),
(776, '345.5.4.309', 'EL CARMEN', '345.5.4'),
(777, '345.5.4.310', 'EL TRIUNFO', '345.5.4'),
(778, '345.5.4.311', 'GUASAGANDA (CAB.EN GUASAGANDA', '345.5.4'),
(779, '345.5.4.312', 'LA MANÁ', '345.5.4'),
(780, '345.5.4.313', 'LA MANÁ', '345.5.4'),
(781, '345.5.4.314', 'PUCAYACU', '345.5.4'),
(782, '345.5.3.315', 'ANTONIO JOSÉ HOLGUÍN (SANTA LUCÍA)', '345.5.3'),
(783, '345.5.3.316', 'CUSUBAMBA', '345.5.3'),
(784, '345.5.3.317', 'MULALILLO', '345.5.3'),
(785, '345.5.3.318', 'MULLIQUINDIL (SANTA ANA)', '345.5.3'),
(786, '345.5.3.319', 'PANSALEO', '345.5.3'),
(787, '345.5.3.320', 'SAN MIGUEL', '345.5.3'),
(788, '345.5.1.321', '11 DE NOVIEMBRE (ILINCHISI)', '345.5.1'),
(789, '345.5.1.322', 'ALAQUES (ALÁQUEZ)', '345.5.1'),
(790, '345.5.1.323', 'BELISARIO QUEVEDO (GUANAILÍN)', '345.5.1'),
(791, '345.5.1.324', 'ELOY ALFARO (SAN FELIPE)', '345.5.1'),
(792, '345.5.1.325', 'GUAITACAMA (GUAYTACAMA)', '345.5.1'),
(793, '345.5.1.326', 'IGNACIO FLORES (PARQUE FLORES)', '345.5.1'),
(794, '345.5.1.327', 'JOSEGUANGO BAJO', '345.5.1'),
(795, '345.5.1.328', 'JUAN MONTALVO (SAN SEBASTIÁN)', '345.5.1'),
(796, '345.5.1.329', 'LA MATRIZ', '345.5.1'),
(797, '345.5.1.330', 'LAS PAMPAS', '345.5.1'),
(798, '345.5.1.331', 'LATACUNGA', '345.5.1'),
(799, '345.5.1.332', 'MULALÓ', '345.5.1'),
(800, '345.5.1.333', 'PALO QUEMADO', '345.5.1'),
(801, '345.5.1.334', 'POALÓ', '345.5.1'),
(802, '345.5.1.335', 'SAN BUENAVENTURA', '345.5.1'),
(803, '345.5.1.336', 'SAN JUAN DE PASTOCALLE', '345.5.1'),
(804, '345.5.1.337', 'SIGCHOS', '345.5.1'),
(805, '345.5.1.338', 'TANICUCHÍ', '345.5.1'),
(806, '345.5.1.339', 'TOACASO', '345.5.1'),
(807, '345.4.9.340', 'CHITÁN DE NAVARRETE', '345.4.9'),
(808, '345.4.9.341', 'CRISTÓBAL COLÓN', '345.4.9'),
(809, '345.4.9.342', 'FERNÁNDEZ SALVADOR', '345.4.9'),
(810, '345.4.9.343', 'GONZÁLEZ SUÁREZ', '345.4.9'),
(811, '345.4.9.344', 'LA PAZ', '345.4.9'),
(812, '345.4.9.345', 'PIARTAL', '345.4.9'),
(813, '345.4.9.346', 'SAN GABRIEL', '345.4.9'),
(814, '345.4.9.347', 'SAN JOSÉ', '345.4.9'),
(815, '345.4.8.348', 'EL CARMELO (EL PUN)', '345.4.8'),
(816, '345.4.8.349', 'EL CHICAL', '345.4.8'),
(817, '345.4.8.350', 'GONZÁLEZ SUÁREZ', '345.4.8'),
(818, '345.4.8.351', 'HUACA', '345.4.8'),
(819, '345.4.8.352', 'JULIO ANDRADE (OREJUELA)', '345.4.8'),
(820, '345.4.8.353', 'MALDONADO', '345.4.8'),
(821, '345.4.8.354', 'MARISCAL SUCRE', '345.4.8'),
(822, '345.4.8.355', 'PIOTER', '345.4.8'),
(823, '345.4.8.356', 'SANTA MARTHA DE CUBA', '345.4.8'),
(824, '345.4.8.357', 'TOBAR DONOSO (LA BOCANA DE CAMUMBÍ)', '345.4.8'),
(825, '345.4.8.358', 'TUFIÑO', '345.4.8'),
(826, '345.4.8.359', 'TULCÁN', '345.4.8'),
(827, '345.4.8.360', 'TULCÁN', '345.4.8'),
(828, '345.4.8.361', 'URBINA (TAYA)', '345.4.8'),
(829, '345.4.13.362', 'HUACA', '345.4.13'),
(830, '345.4.13.363', 'MARISCAL SUCRE', '345.4.13'),
(831, '345.4.12.364', 'CONCEPCIÓN', '345.4.12'),
(832, '345.4.12.365', 'JIJÓN Y CAAMAÑO (CAB. EN RÍO BLANCO)', '345.4.12'),
(833, '345.4.12.366', 'JUAN MONTALVO (SAN IGNACIO DE QUIL)', '345.4.12'),
(834, '345.4.12.367', 'MIRA (CHONTAHUASI)', '345.4.12'),
(835, '345.4.11.368', '27 DE SEPTIEMBRE', '345.4.11'),
(836, '345.4.11.369', 'EL ANGEL', '345.4.11'),
(837, '345.4.11.370', 'EL ÁNGEL', '345.4.11'),
(838, '345.4.11.371', 'EL GOALTAL', '345.4.11'),
(839, '345.4.11.372', 'LA LIBERTAD (ALIZO)', '345.4.11'),
(840, '345.4.11.373', 'SAN ISIDRO', '345.4.11'),
(841, '345.3.7.374', 'SUSCAL', '345.3.7'),
(842, '345.3.6.375', 'DÉLEG', '345.3.6'),
(843, '345.3.6.376', 'SOLANO', '345.3.6'),
(844, '345.3.5.377', 'EL TAMBO', '345.3.5'),
(845, '345.3.4.378', 'BIBLIÁN', '345.3.4'),
(846, '345.3.4.379', 'JERUSALÉN', '345.3.4'),
(847, '345.3.4.380', 'NAZÓN (CAB. EN PAMPA DE DOMÍNGUEZ)', '345.3.4'),
(848, '345.3.4.381', 'SAN FRANCISCO DE SAGEO', '345.3.4'),
(849, '345.3.4.382', 'TURUPAMBA', '345.3.4'),
(850, '345.3.3.383', 'LA TRONCAL', '345.3.3'),
(851, '345.3.3.384', 'MANUEL J. CALLE', '345.3.3'),
(852, '345.3.3.385', 'PANCHO NEGRO', '345.3.3'),
(853, '345.3.2.386', 'CAÑAR', '345.3.2'),
(854, '345.3.2.387', 'CHONTAMARCA', '345.3.2'),
(855, '345.3.2.388', 'CHOROCOPTE', '345.3.2'),
(856, '345.3.2.389', 'DUCUR', '345.3.2'),
(857, '345.3.2.390', 'GENERAL MORALES (SOCARTE)', '345.3.2'),
(858, '345.3.2.391', 'GUALLETURO', '345.3.2'),
(859, '345.3.2.392', 'HONORATO VÁSQUEZ (TAMBO VIEJO)', '345.3.2'),
(860, '345.3.2.393', 'INGAPIRCA', '345.3.2'),
(861, '345.3.2.394', 'JUNCAL', '345.3.2'),
(862, '345.3.2.395', 'SAN ANTONIO', '345.3.2'),
(863, '345.3.2.396', 'SUSCAL', '345.3.2'),
(864, '345.3.2.397', 'TAMBO', '345.3.2'),
(865, '345.3.2.398', 'VENTURA', '345.3.2'),
(866, '345.3.2.399', 'ZHUD', '345.3.2'),
(867, '345.3.1.400', 'AURELIO BAYAS MARTÍNEZ', '345.3.1'),
(868, '345.3.1.401', 'AZOGUES', '345.3.1'),
(869, '345.3.1.402', 'AZOGUES', '345.3.1'),
(870, '345.3.1.403', 'BORRERO', '345.3.1'),
(871, '345.3.1.404', 'COJITAMBO', '345.3.1'),
(872, '345.3.1.405', 'DÉLEG', '345.3.1'),
(873, '345.3.1.406', 'GUAPÁN', '345.3.1'),
(874, '345.3.1.407', 'JAVIER LOYOLA (CHUQUIPATA)', '345.3.1'),
(875, '345.3.1.408', 'LUIS CORDERO', '345.3.1'),
(876, '345.3.1.409', 'PINDILIG', '345.3.1'),
(877, '345.3.1.410', 'RIVERA', '345.3.1'),
(878, '345.3.1.411', 'SAN FRANCISCO', '345.3.1'),
(879, '345.3.1.412', 'SAN MIGUEL', '345.3.1'),
(880, '345.3.1.413', 'SOLANO', '345.3.1'),
(881, '345.3.1.414', 'TADAY', '345.3.1'),
(882, '345.24.3.415', 'ANCONCITO', '345.24.3'),
(883, '345.24.3.416', 'CARLOS ESPINOZA LARREA', '345.24.3'),
(884, '345.24.3.417', 'GRAL. ALBERTO ENRÍQUEZ GALLO', '345.24.3'),
(885, '345.24.3.418', 'JOSÉ LUIS TAMAYO (MUEY)', '345.24.3'),
(886, '345.24.3.419', 'SALINAS', '345.24.3'),
(887, '345.24.3.420', 'SANTA ROSA', '345.24.3'),
(888, '345.24.3.421', 'VICENTE ROCAFUERTE', '345.24.3'),
(889, '345.24.2.422', 'LA LIBERTAD', '345.24.2'),
(890, '345.24.1.423', 'ATAHUALPA', '345.24.1'),
(891, '345.24.1.424', 'BALLENITA', '345.24.1'),
(892, '345.24.1.425', 'CHANDUY', '345.24.1'),
(893, '345.24.1.426', 'COLONCHE', '345.24.1'),
(894, '345.24.1.427', 'MANGLARALTO', '345.24.1'),
(895, '345.24.1.428', 'SAN JOSÉ DE ANCÓN', '345.24.1'),
(896, '345.24.1.429', 'SANTA ELENA', '345.24.1'),
(897, '345.24.1.430', 'SANTA ELENA', '345.24.1'),
(898, '345.24.1.431', 'SIMÓN BOLÍVAR (JULIO MORENO)', '345.24.1'),
(899, '345.23.2.432', 'LA CONCORDIA', '345.23.2'),
(900, '345.23.2.433', 'LA VILLEGAS', '345.23.2'),
(901, '345.23.2.434', 'MONTERREY', '345.23.2'),
(902, '345.23.2.435', 'PLAN PILOTO', '345.23.2'),
(903, '345.22.4.436', 'CAPITÁN AUGUSTO RIVADENEYRA', '345.22.4'),
(904, '345.22.4.437', 'CONONACO', '345.22.4'),
(905, '345.22.4.438', 'NUEVO ROCAFUERTE', '345.22.4'),
(906, '345.22.4.439', 'SANTA MARÍA DE HUIRIRIMA', '345.22.4'),
(907, '345.22.4.440', 'TIPITINI', '345.22.4'),
(908, '345.22.4.441', 'TIPUTINI', '345.22.4'),
(909, '345.22.4.442', 'YASUNÍ', '345.22.4'),
(910, '345.22.3.443', 'AVILA (CAB. EN HUIRUNO)', '345.22.3'),
(911, '345.22.3.444', 'LORETO', '345.22.3'),
(912, '345.22.3.445', 'PUERTO MURIALDO', '345.22.3'),
(913, '345.22.3.446', 'SAN JOSÉ DE DAHUANO', '345.22.3'),
(914, '345.22.3.447', 'SAN JOSÉ DE PAYAMINO', '345.22.3'),
(915, '345.22.3.448', 'SAN VICENTE DE HUATICOCHA', '345.22.3'),
(916, '345.22.2.449', 'ENOKANQUI', '345.22.2'),
(917, '345.22.2.450', 'LA JOYA DE LOS SACHAS', '345.22.2'),
(918, '345.22.2.451', 'LAGO SAN PEDRO', '345.22.2'),
(919, '345.22.2.452', 'POMPEYA', '345.22.2'),
(920, '345.22.2.453', 'RUMIPAMBA', '345.22.2'),
(921, '345.22.2.454', 'SAN CARLOS', '345.22.2'),
(922, '345.22.2.455', 'SAN SEBASTIÁN DEL COCA', '345.22.2'),
(923, '345.22.2.456', 'TRES DE NOVIEMBRE', '345.22.2'),
(924, '345.22.2.457', 'UNIÓN MILAGREÑA', '345.22.2'),
(925, '345.22.1.458', 'ALEJANDRO LABAKA', '345.22.1'),
(926, '345.22.1.459', 'DAYUMA', '345.22.1'),
(927, '345.22.1.460', 'EL DORADO', '345.22.1'),
(928, '345.22.1.461', 'EL EDÉN', '345.22.1'),
(929, '345.22.1.462', 'GARCÍA MORENO', '345.22.1'),
(930, '345.22.1.463', 'INÉS ARANGO (CAB. EN WESTERN)', '345.22.1'),
(931, '345.22.1.464', 'LA BELLEZA', '345.22.1'),
(932, '345.22.1.465', 'NUEVO PARAÍSO (CAB. EN UNIÓN', '345.22.1'),
(933, '345.22.1.466', 'PUERTO FRANCISCO DE ORELLANA (EL COCA)', '345.22.1'),
(934, '345.22.1.467', 'SAN JOSÉ DE GUAYUSA', '345.22.1'),
(935, '345.22.1.468', 'SAN LUIS DE ARMENIA', '345.22.1'),
(936, '345.22.1.469', 'TARACOA (NUEVA ESPERANZA: YUCA)', '345.22.1'),
(937, '345.21.6.470', 'AGUAS NEGRAS', '345.21.6'),
(938, '345.21.6.471', 'CUYABENO', '345.21.6'),
(939, '345.21.6.472', 'TARAPOA', '345.21.6'),
(940, '345.21.5.473', 'EL DORADO DE CASCALES', '345.21.5'),
(941, '345.21.5.474', 'EL REVENTADOR', '345.21.5'),
(942, '345.21.5.475', 'GONZALO PIZARRO', '345.21.5'),
(943, '345.21.5.476', 'LUMBAQUÍ', '345.21.5'),
(944, '345.21.5.477', 'PUERTO LIBRE', '345.21.5'),
(945, '345.21.5.478', 'SANTA ROSA DE SUCUMBÍOS', '345.21.5'),
(946, '345.21.4.479', 'PALMA ROJA', '345.21.4'),
(947, '345.21.4.480', 'PUERTO BOLÍVAR (PUERTO MONTÚFAR)', '345.21.4'),
(948, '345.21.4.481', 'PUERTO EL CARMEN DEL PUTUMAYO', '345.21.4'),
(949, '345.21.4.482', 'PUERTO RODRÍGUEZ', '345.21.4'),
(950, '345.21.4.483', 'SANTA ELENA', '345.21.4'),
(951, '345.21.3.484', 'EL DORADO DE CASCALES', '345.21.3'),
(952, '345.21.3.485', 'SANTA ROSA DE SUCUMBÍOS', '345.21.3'),
(953, '345.21.3.486', 'SEVILLA', '345.21.3'),
(954, '345.21.2.487', 'LIMONCOCHA', '345.21.2'),
(955, '345.21.2.488', 'PAÑACOCHA', '345.21.2'),
(956, '345.21.2.489', 'SAN PEDRO DE LOS COFANES', '345.21.2'),
(957, '345.21.2.490', 'SAN ROQUE (CAB. EN SAN VICENTE)', '345.21.2'),
(958, '345.21.2.491', 'SHUSHUFINDI', '345.21.2'),
(959, '345.21.2.492', 'SIETE DE JULIO', '345.21.2'),
(960, '345.21.1.493', 'AGUAS NEGRAS', '345.21.1'),
(961, '345.21.1.494', 'CUYABENO', '345.21.1'),
(962, '345.21.1.495', 'DURENO', '345.21.1'),
(963, '345.21.1.496', 'EL ENO', '345.21.1'),
(964, '345.21.1.497', 'GENERAL FARFÁN', '345.21.1'),
(965, '345.21.1.498', 'JAMBELÍ', '345.21.1'),
(966, '345.21.1.499', 'NUEVA LOJA', '345.21.1'),
(967, '345.21.1.500', 'PACAYACU', '345.21.1'),
(968, '345.21.1.501', 'SANTA CECILIA', '345.21.1'),
(969, '345.21.1.502', 'TARAPOA', '345.21.1'),
(970, '345.20.2.503', 'EL PROGRESO', '345.20.2'),
(971, '345.20.2.504', 'ISLA SANTA MARÍA (FLOREANA) (CAB. EN PTO. VELASCO ...', '345.20.2'),
(972, '345.20.2.505', 'PUERTO BAQUERIZO MORENO', '345.20.2'),
(973, '345.20.1.506', 'BELLAVISTA', '345.20.1'),
(974, '345.20.1.507', 'PUERTO AYORA', '345.20.1'),
(975, '345.20.1.508', 'SANTA ROSA (INCLUYE LA ISLA BALTRA)', '345.20.1'),
(976, '345.2.6.509', 'LAS MERCEDES', '345.2.6'),
(977, '345.2.6.510', 'LAS NAVES', '345.2.6'),
(978, '345.2.6.511', 'LAS NAVES', '345.2.6'),
(979, '345.2.5.512', 'CHILLANES', '345.2.5'),
(980, '345.2.5.513', 'SAN JOSÉ DEL TAMBO (TAMBOPAMBA)', '345.2.5'),
(981, '345.2.4.514', 'ECHEANDÍA', '345.2.4'),
(982, '345.2.3.515', 'CALUMA', '345.2.3'),
(983, '345.2.2.516', 'ASUNCIÓN (ASANCOTO)', '345.2.2'),
(984, '345.2.2.517', 'CALUMA', '345.2.2'),
(985, '345.2.2.518', 'MAGDALENA (CHAPACOTO)', '345.2.2'),
(986, '345.2.2.519', 'SAN JOSÉ DE CHIMBO', '345.2.2'),
(987, '345.2.2.520', 'SAN SEBASTIÁN', '345.2.2'),
(988, '345.2.2.521', 'TELIMBELA', '345.2.2'),
(989, '345.2.1.522', 'ÁNGEL POLIBIO CHÁVES', '345.2.1'),
(990, '345.2.1.523', 'FACUNDO VELA', '345.2.1'),
(991, '345.2.1.524', 'GABRIEL IGNACIO VEINTIMILLA', '345.2.1'),
(992, '345.2.1.525', 'GUANUJO', '345.2.1'),
(993, '345.2.1.526', 'GUANUJO', '345.2.1'),
(994, '345.2.1.527', 'GUARANDA', '345.2.1'),
(995, '345.2.1.528', 'JULIO E. MORENO (CATANAHUÁN GRANDE)', '345.2.1'),
(996, '345.2.1.529', 'LAS NAVES', '345.2.1'),
(997, '345.2.1.530', 'SALINAS', '345.2.1'),
(998, '345.2.1.531', 'SAN LORENZO', '345.2.1'),
(999, '345.2.1.532', 'SAN LUIS DE PAMBIL', '345.2.1'),
(1000, '345.2.1.533', 'SAN SIMÓN (YACOTO)', '345.2.1'),
(1001, '345.2.1.534', 'SANTA FÉ (SANTA FÉ)', '345.2.1'),
(1002, '345.2.1.535', 'SIMIÁTUG', '345.2.1'),
(1003, '345.19.8.536', 'GUAYZIMI', '345.19.8'),
(1004, '345.19.8.537', 'NUEVO PARAÍSO', '345.19.8'),
(1005, '345.19.8.538', 'ZURMI', '345.19.8'),
(1006, '345.19.7.539', '28 DE MAYO (SAN JOSÉ DE YACUAMBI)', '345.19.7'),
(1007, '345.19.7.540', 'LA PAZ', '345.19.7'),
(1008, '345.19.7.541', 'TUTUPALI', '345.19.7'),
(1009, '345.19.6.542', 'PANGUINTZA', '345.19.6'),
(1010, '345.19.6.543', 'PAQUISHA', '345.19.6'),
(1011, '345.19.6.544', 'TRIUNFO-DORADO', '345.19.6'),
(1012, '345.19.6.545', 'ZUMBI', '345.19.6'),
(1013, '345.19.5.546', 'EL PORVENIR DEL CARMEN', '345.19.5'),
(1014, '345.19.5.547', 'LA CANELA', '345.19.5'),
(1015, '345.19.5.548', 'PALANDA', '345.19.5'),
(1016, '345.19.5.549', 'SAN FRANCISCO DEL VERGEL', '345.19.5'),
(1017, '345.19.5.550', 'VALLADOLID', '345.19.5'),
(1018, '345.19.4.551', 'EL GUISME', '345.19.4'),
(1019, '345.19.4.552', 'EL PANGUI', '345.19.4'),
(1020, '345.19.4.553', 'PACHICUTZA', '345.19.4'),
(1021, '345.19.4.554', 'TUNDAYME', '345.19.4'),
(1022, '345.19.3.555', 'CHITO', '345.19.3'),
(1023, '345.19.3.556', 'EL CHORRO', '345.19.3'),
(1024, '345.19.3.557', 'EL PORVENIR DEL CARMEN', '345.19.3'),
(1025, '345.19.3.558', 'LA CHONTA', '345.19.3'),
(1026, '345.19.3.559', 'PALANDA', '345.19.3'),
(1027, '345.19.3.560', 'PUCAPAMBA', '345.19.3'),
(1028, '345.19.3.561', 'SAN ANDRÉS', '345.19.3'),
(1029, '345.19.3.562', 'SAN FRANCISCO DEL VERGEL', '345.19.3'),
(1030, '345.19.3.563', 'VALLADOLID', '345.19.3'),
(1031, '345.19.3.564', 'ZUMBA', '345.19.3'),
(1032, '345.19.1.565', 'CUMBARATZA', '345.19.1'),
(1033, '345.19.1.566', 'EL LIMÓN', '345.19.1'),
(1034, '345.19.1.567', 'GUADALUPE', '345.19.1'),
(1035, '345.19.1.568', 'IMBANA (LA VICTORIA DE IMBANA)', '345.19.1'),
(1036, '345.19.1.569', 'PAQUISHA', '345.19.1'),
(1037, '345.19.1.570', 'SABANILLA', '345.19.1'),
(1038, '345.19.1.571', 'SAN CARLOS DE LAS MINAS', '345.19.1'),
(1039, '345.19.1.572', 'TIMBARA', '345.19.1'),
(1040, '345.19.1.573', 'ZAMORA', '345.19.1'),
(1041, '345.19.1.574', 'ZAMORA', '345.19.1'),
(1042, '345.19.1.575', 'ZUMBI', '345.19.1'),
(1043, '345.18.9.576', 'MOCHA', '345.18.9'),
(1044, '345.18.9.577', 'PINGUILÍ', '345.18.9'),
(1045, '345.18.8.578', 'CEVALLOS', '345.18.8'),
(1046, '345.18.7.579', 'QUERO', '345.18.7'),
(1047, '345.18.7.580', 'RUMIPAMBA', '345.18.7'),
(1048, '345.18.7.581', 'YANAYACU - MOCHAPATA (CAB. EN YANAYACU)', '345.18.7'),
(1049, '345.18.6.582', 'QUINCHICOTO', '345.18.6'),
(1050, '345.18.6.583', 'TISALEO', '345.18.6'),
(1051, '345.18.5.584', 'EL TRIUNFO', '345.18.5'),
(1052, '345.18.5.585', 'LOS ANDES (CAB. EN POATUG)', '345.18.5'),
(1053, '345.18.5.586', 'PATATE', '345.18.5'),
(1054, '345.18.5.587', 'SUCRE (CAB. EN SUCRE-PATATE URCU)', '345.18.5'),
(1055, '345.18.1.588', 'AMBATILLO', '345.18.1'),
(1056, '345.18.1.589', 'AMBATO', '345.18.1'),
(1057, '345.18.1.590', 'ATAHUALPA (CHISALATA)', '345.18.1'),
(1058, '345.18.1.591', 'ATOCHA – FICOA', '345.18.1'),
(1059, '345.18.1.592', 'AUGUSTO N. MARTÍNEZ (MUNDUGLEO)', '345.18.1'),
(1060, '345.18.1.593', 'CELIANO MONGE', '345.18.1'),
(1061, '345.18.1.594', 'CONSTANTINO FERNÁNDEZ (CAB. EN CULLITAHUA)', '345.18.1'),
(1062, '345.18.1.595', 'CUNCHIBAMBA', '345.18.1'),
(1063, '345.18.1.596', 'HUACHI CHICO', '345.18.1'),
(1064, '345.18.1.597', 'HUACHI GRANDE', '345.18.1'),
(1065, '345.18.1.598', 'HUACHI LORETO', '345.18.1'),
(1066, '345.18.1.599', 'IZAMBA', '345.18.1'),
(1067, '345.18.1.600', 'JUAN BENIGNO VELA', '345.18.1'),
(1068, '345.18.1.601', 'LA MERCED', '345.18.1'),
(1069, '345.18.1.602', 'LA PENÍNSULA', '345.18.1'),
(1070, '345.18.1.603', 'MATRIZ', '345.18.1'),
(1071, '345.18.1.604', 'MONTALVO', '345.18.1'),
(1072, '345.18.1.605', 'PASA', '345.18.1'),
(1073, '345.18.1.606', 'PICAIGUA', '345.18.1'),
(1074, '345.18.1.607', 'PILAGÜÍN (PILAHÜÍN)', '345.18.1'),
(1075, '345.18.1.608', 'PISHILATA', '345.18.1'),
(1076, '345.18.1.609', 'QUISAPINCHA (QUIZAPINCHA)', '345.18.1'),
(1077, '345.18.1.610', 'SAN BARTOLOMÉ DE PINLLOG', '345.18.1'),
(1078, '345.18.1.611', 'SAN FERNANDO (PASA SAN FERNANDO)', '345.18.1'),
(1079, '345.18.1.612', 'SAN FRANCISCO', '345.18.1'),
(1080, '345.18.1.613', 'SANTA ROSA', '345.18.1'),
(1081, '345.18.1.614', 'TOTORAS', '345.18.1'),
(1082, '345.18.1.615', 'UNAMUNCHO', '345.18.1'),
(1083, '345.17.8.616', 'PEDRO VICENTE MALDONADO', '345.17.8'),
(1084, '345.17.7.617', 'MINDO', '345.17.7'),
(1085, '345.17.7.618', 'PEDRO VICENTE MALDONADO', '345.17.7'),
(1086, '345.17.7.619', 'PUERTO QUITO', '345.17.7'),
(1087, '345.17.7.620', 'SAN MIGUEL DE LOS BANCOS', '345.17.7'),
(1088, '345.17.6.621', 'PUERTO QUITO', '345.17.6'),
(1089, '345.17.5.622', 'LA ESPERANZA', '345.17.5'),
(1090, '345.17.5.623', 'MALCHINGUÍ', '345.17.5'),
(1091, '345.17.5.624', 'TABACUNDO', '345.17.5'),
(1092, '345.17.5.625', 'TOCACHI', '345.17.5'),
(1093, '345.17.5.626', 'TUPIGACHI', '345.17.5'),
(1094, '345.17.3.627', 'ASCÁZUBI', '345.17.3'),
(1095, '345.17.3.628', 'AYORA', '345.17.3'),
(1096, '345.17.3.629', 'CANGAHUA', '345.17.3'),
(1097, '345.17.3.630', 'CAYAMBE', '345.17.3'),
(1099, '345.17.3.632', 'JUAN MONTALVO', '345.17.3'),
(1100, '345.17.3.633', 'OLMEDO (PESILLO)', '345.17.3'),
(1101, '345.17.3.634', 'OTÓN', '345.17.3'),
(1102, '345.17.3.635', 'SANTA ROSA DE CUZUBAMBA', '345.17.3'),
(1103, '345.17.2.636', 'COTOGCHOA', '345.17.2'),
(1104, '345.17.2.637', 'RUMIPAMBA', '345.17.2'),
(1105, '345.17.2.638', 'SAN PEDRO DE TABOADA', '345.17.2'),
(1106, '345.17.2.639', 'SAN RAFAEL', '345.17.2'),
(1107, '345.17.2.641', 'SANGOLQUÍ', '345.17.2'),
(1108, '345.17.1.642', 'ALANGASÍ', '345.17.1'),
(1109, '345.17.1.643', 'AMAGUAÑA', '345.17.1'),
(1110, '345.17.1.644', 'ATAHUALPA', '345.17.1'),
(1111, '345.17.1.645', 'BELISARIO QUEVEDO', '345.17.1'),
(1112, '345.17.1.646', 'CALACALÍ', '345.17.1'),
(1113, '345.17.1.647', 'CALDERÓN', '345.17.1'),
(1114, '345.17.1.648', 'CARCELÉN', '345.17.1'),
(1115, '345.17.1.649', 'CENTRO HISTÓRICO', '345.17.1'),
(1116, '345.17.1.650', 'CHAVEZPAMBA', '345.17.1'),
(1117, '345.17.1.651', 'CHECA', '345.17.1'),
(1118, '345.17.1.652', 'CHILIBULO', '345.17.1'),
(1119, '345.17.1.653', 'CHILLOGALLO', '345.17.1'),
(1120, '345.17.1.654', 'CHIMBACALLE', '345.17.1'),
(1121, '345.17.1.655', 'COCHAPAMBA', '345.17.1'),
(1122, '345.17.1.656', 'COMITÉ DEL PUEBLO', '345.17.1'),
(1123, '345.17.1.657', 'CONOCOTO', '345.17.1'),
(1124, '345.17.1.658', 'COTOCOLLAO', '345.17.1');
INSERT INTO `Ubicacion` (`id`, `codigo`, `descripcion`, `codigoPadre`) VALUES
(1125, '345.17.1.659', 'CUMBAYÁ', '345.17.1'),
(1126, '345.17.1.660', 'EL CONDADO', '345.17.1'),
(1127, '345.17.1.661', 'EL QUINCHE', '345.17.1'),
(1128, '345.17.1.662', 'GUALEA', '345.17.1'),
(1129, '345.17.1.663', 'GUAMANÍ', '345.17.1'),
(1130, '345.17.1.664', 'GUANGOPOLO', '345.17.1'),
(1131, '345.17.1.665', 'GUAYLLABAMBA', '345.17.1'),
(1132, '345.17.1.666', 'IÑAQUITO', '345.17.1'),
(1133, '345.17.1.667', 'ITCHIMBÍA', '345.17.1'),
(1134, '345.17.1.668', 'JIPIJAPA', '345.17.1'),
(1135, '345.17.1.669', 'KENNEDY', '345.17.1'),
(1136, '345.17.1.670', 'LA ARGELIA', '345.17.1'),
(1137, '345.17.1.671', 'LA CONCEPCIÓN', '345.17.1'),
(1138, '345.17.1.672', 'LA ECUATORIANA', '345.17.1'),
(1139, '345.17.1.673', 'LA FERROVIARIA', '345.17.1'),
(1140, '345.17.1.674', 'LA LIBERTAD', '345.17.1'),
(1141, '345.17.1.675', 'LA MAGDALENA', '345.17.1'),
(1142, '345.17.1.676', 'LA MENA', '345.17.1'),
(1143, '345.17.1.677', 'LA MERCED', '345.17.1'),
(1144, '345.17.1.678', 'LLANO CHICO', '345.17.1'),
(1145, '345.17.1.679', 'LLOA', '345.17.1'),
(1146, '345.17.1.680', 'MARISCAL SUCRE', '345.17.1'),
(1147, '345.17.1.681', 'MINDO', '345.17.1'),
(1148, '345.17.1.682', 'NANEGAL', '345.17.1'),
(1149, '345.17.1.683', 'NANEGALITO', '345.17.1'),
(1150, '345.17.1.684', 'NAYÓN', '345.17.1'),
(1151, '345.17.1.685', 'NONO', '345.17.1'),
(1152, '345.17.1.686', 'PACTO', '345.17.1'),
(1153, '345.17.1.687', 'PEDRO VICENTE MALDONADO', '345.17.1'),
(1154, '345.17.1.688', 'PERUCHO', '345.17.1'),
(1155, '345.17.1.689', 'PIFO', '345.17.1'),
(1156, '345.17.1.690', 'PÍNTAG', '345.17.1'),
(1157, '345.17.1.691', 'POMASQUI', '345.17.1'),
(1158, '345.17.1.692', 'PONCEANO', '345.17.1'),
(1159, '345.17.1.693', 'PUÉLLARO', '345.17.1'),
(1160, '345.17.1.694', 'PUEMBO', '345.17.1'),
(1161, '345.17.1.695', 'PUENGASÍ', '345.17.1'),
(1162, '345.17.1.696', 'PUERTO QUITO', '345.17.1'),
(1163, '345.17.1.697', 'QUITO DISTRITO METROPOLITANO', '345.17.1'),
(1164, '345.17.1.698', 'QUITUMBE', '345.17.1'),
(1165, '345.17.1.699', 'RUMIPAMBA', '345.17.1'),
(1166, '345.17.1.700', 'SAN ANTONIO', '345.17.1'),
(1167, '345.17.1.701', 'SAN BARTOLO', '345.17.1'),
(1168, '345.17.1.702', 'SAN ISIDRO DEL INCA', '345.17.1'),
(1169, '345.17.1.703', 'SAN JOSÉ DE MINAS', '345.17.1'),
(1170, '345.17.1.704', 'SAN JUAN', '345.17.1'),
(1171, '345.17.1.705', 'SAN MIGUEL DE LOS BANCOS', '345.17.1'),
(1172, '345.17.1.706', 'SOLANDA', '345.17.1'),
(1173, '345.17.1.707', 'TABABELA', '345.17.1'),
(1174, '345.17.1.708', 'TUMBACO', '345.17.1'),
(1175, '345.17.1.709', 'TURUBAMBA', '345.17.1'),
(1176, '345.17.1.710', 'YARUQUÍ', '345.17.1'),
(1177, '345.17.1.711', 'ZAMBIZA', '345.17.1'),
(1178, '345.16.3.712', 'ARAJUNO', '345.16.3'),
(1179, '345.16.3.713', 'CURARAY', '345.16.3'),
(1180, '345.16.2.714', 'MADRE TIERRA', '345.16.2'),
(1181, '345.16.2.715', 'MERA', '345.16.2'),
(1182, '345.16.2.716', 'SHELL', '345.16.2'),
(1183, '345.16.1.717', 'ARAJUNO', '345.16.1'),
(1184, '345.16.1.718', 'CANELOS', '345.16.1'),
(1185, '345.16.1.719', 'CURARAY', '345.16.1'),
(1186, '345.16.1.720', 'DIEZ DE AGOSTO', '345.16.1'),
(1187, '345.16.1.721', 'EL TRIUNFO', '345.16.1'),
(1188, '345.16.1.722', 'FÁTIMA', '345.16.1'),
(1189, '345.16.1.723', 'MONTALVO (ANDOAS)', '345.16.1'),
(1190, '345.16.1.724', 'POMONA', '345.16.1'),
(1191, '345.16.1.725', 'PUYO', '345.16.1'),
(1192, '345.16.1.726', 'RÍO CORRIENTES', '345.16.1'),
(1193, '345.16.1.727', 'RÍO TIGRE', '345.16.1'),
(1194, '345.16.1.728', 'SANTA CLARA', '345.16.1'),
(1195, '345.16.1.729', 'SARAYACU', '345.16.1'),
(1196, '345.16.1.730', 'SIMÓN BOLÍVAR (CAB. EN MUSHULLACTA)', '345.16.1'),
(1197, '345.16.1.731', 'TARQUI', '345.16.1'),
(1198, '345.16.1.732', 'TENIENTE HUGO ORTIZ', '345.16.1'),
(1199, '345.16.1.733', 'VERACRUZ (INDILLAMA) (CAB. EN INDILLAMA)', '345.16.1'),
(1200, '345.15.4.734', 'BAEZA', '345.15.4'),
(1201, '345.15.4.735', 'COSANGA', '345.15.4'),
(1202, '345.15.4.736', 'CUYUJA', '345.15.4'),
(1203, '345.15.4.737', 'PAPALLACTA', '345.15.4'),
(1204, '345.15.4.738', 'SAN FRANCISCO DE BORJA (VIRGILIO DÁVILA)', '345.15.4'),
(1205, '345.15.4.739', 'SAN JOSÉ DEL PAYAMINO', '345.15.4'),
(1206, '345.15.4.740', 'SUMACO', '345.15.4'),
(1207, '345.15.3.741', 'EL CHACO', '345.15.3'),
(1208, '345.15.3.742', 'GONZALO DíAZ DE PINEDA (EL BOMBÓN)', '345.15.3'),
(1209, '345.15.3.743', 'LINARES', '345.15.3'),
(1210, '345.15.3.744', 'OYACACHI', '345.15.3'),
(1211, '345.15.3.745', 'SANTA ROSA', '345.15.3'),
(1212, '345.15.3.746', 'SARDINAS', '345.15.3'),
(1213, '345.15.2.747', 'ARCHIDONA', '345.15.2'),
(1214, '345.15.2.748', 'AVILA', '345.15.2'),
(1215, '345.15.2.749', 'COTUNDO', '345.15.2'),
(1216, '345.15.2.750', 'LORETO', '345.15.2'),
(1217, '345.15.2.751', 'PUERTO MURIALDO', '345.15.2'),
(1218, '345.15.2.752', 'SAN PABLO DE USHPAYACU', '345.15.2'),
(1219, '345.15.1.753', 'AHUANO', '345.15.1'),
(1220, '345.15.1.754', 'CARLOS JULIO AROSEMENA TOLA (ZATZA-YACU)', '345.15.1'),
(1221, '345.15.1.755', 'CHONTAPUNTA', '345.15.1'),
(1222, '345.15.1.756', 'PANO', '345.15.1'),
(1223, '345.15.1.757', 'PUERTO MISAHUALLI', '345.15.1'),
(1224, '345.15.1.758', 'PUERTO NAPO', '345.15.1'),
(1225, '345.15.1.759', 'SAN JUAN DE MUYUNA', '345.15.1'),
(1226, '345.15.1.760', 'TÁLAG', '345.15.1'),
(1227, '345.15.1.761', 'TENA', '345.15.1'),
(1228, '345.14.9.762', 'SAN JOSÉ DE MORONA', '345.14.9'),
(1229, '345.14.9.763', 'SANTIAGO', '345.14.9'),
(1230, '345.14.8.764', 'CHIGUAZA', '345.14.8'),
(1231, '345.14.8.765', 'HUAMBOYA', '345.14.8'),
(1232, '345.14.8.766', 'PABLO SEXTO', '345.14.8'),
(1233, '345.14.7.767', 'CHUPIANZA', '345.14.7'),
(1234, '345.14.7.768', 'COPAL', '345.14.7'),
(1235, '345.14.7.769', 'PATUCA', '345.14.7'),
(1236, '345.14.7.770', 'SAN FRANCISCO DE CHINIMBIMI', '345.14.7'),
(1237, '345.14.7.771', 'SAN LUIS DE EL ACHO (CAB. EN EL ACHO)', '345.14.7'),
(1238, '345.14.7.772', 'SANTIAGO', '345.14.7'),
(1239, '345.14.7.773', 'SANTIAGO DE MÉNDEZ', '345.14.7'),
(1240, '345.14.7.774', 'TAYUZA', '345.14.7'),
(1241, '345.14.6.775', 'GENERAL LEONIDAS PLAZA GUTIÉRREZ (LIMÓN)', '345.14.6'),
(1242, '345.14.6.776', 'INDANZA', '345.14.6'),
(1243, '345.14.6.777', 'PAN DE AZÚCAR', '345.14.6'),
(1244, '345.14.6.778', 'SAN ANTONIO (CAB. EN SAN ANTONIO CENTRO', '345.14.6'),
(1245, '345.14.6.779', 'SAN CARLOS DE LIMÓN (SAN CARLOS DEL', '345.14.6'),
(1246, '345.14.6.780', 'SAN JUAN BOSCO', '345.14.6'),
(1247, '345.14.6.781', 'SAN MIGUEL DE CONCHAY', '345.14.6'),
(1248, '345.14.6.782', 'SANTA SUSANA DE CHIVIAZA (CAB. EN CHIVIAZA)', '345.14.6'),
(1249, '345.14.6.783', 'YUNGANZA (CAB. EN EL ROSARIO)', '345.14.6'),
(1250, '345.14.5.784', 'ARAPICOS', '345.14.5'),
(1251, '345.14.5.785', 'CUMANDÁ (CAB. EN COLONIA AGRÍCOLA SEVILLA DEL ORO)', '345.14.5'),
(1252, '345.14.5.786', 'HUAMBOYA', '345.14.5'),
(1253, '345.14.5.787', 'PALORA (METZERA)', '345.14.5'),
(1254, '345.14.5.788', 'SANGAY (CAB. EN NAYAMANACA)', '345.14.5'),
(1255, '345.14.4.789', 'AMAZONAS (ROSARIO DE CUYES)', '345.14.4'),
(1256, '345.14.4.790', 'BERMEJOS', '345.14.4'),
(1257, '345.14.4.791', 'BOMBOIZA', '345.14.4'),
(1258, '345.14.4.792', 'CHIGÜINDA', '345.14.4'),
(1259, '345.14.4.793', 'EL IDEAL', '345.14.4'),
(1260, '345.14.4.794', 'EL ROSARIO', '345.14.4'),
(1261, '345.14.4.795', 'GUALAQUIZA', '345.14.4'),
(1262, '345.14.4.796', 'GUALAQUIZA', '345.14.4'),
(1263, '345.14.4.797', 'MERCEDES MOLINA', '345.14.4'),
(1264, '345.14.4.798', 'NUEVA TARQUI', '345.14.4'),
(1265, '345.14.4.799', 'SAN MIGUEL DE CUYES', '345.14.4'),
(1266, '345.14.3.800', 'ASUNCIÓN', '345.14.3'),
(1267, '345.14.3.801', 'HUAMBI', '345.14.3'),
(1268, '345.14.3.802', 'LOGROÑO', '345.14.3'),
(1269, '345.14.3.803', 'SANTA MARIANITA DE JESÚS', '345.14.3'),
(1270, '345.14.3.804', 'SUCÚA', '345.14.3'),
(1271, '345.14.3.805', 'YAUPI', '345.14.3'),
(1272, '345.14.2.806', 'HUASAGA (CAB. EN WAMPUIK)', '345.14.2'),
(1273, '345.14.2.807', 'MACUMA', '345.14.2'),
(1274, '345.14.2.808', 'PUMPUENTSA', '345.14.2'),
(1275, '345.14.2.809', 'TAISHA', '345.14.2'),
(1276, '345.14.2.810', 'TUUTINENTZA', '345.14.2'),
(1277, '345.14.10.811', 'LOGROÑO', '345.14.10'),
(1278, '345.14.10.812', 'SHIMPIS', '345.14.10'),
(1279, '345.14.10.813', 'YAUPI', '345.14.10'),
(1280, '345.14.1.814', 'ALSHI (CAB. EN 9 DE OCTUBRE)', '345.14.1'),
(1281, '345.14.1.815', 'CHIGUAZA', '345.14.1'),
(1282, '345.14.1.816', 'CUCHAENTZA', '345.14.1'),
(1283, '345.14.1.817', 'GENERAL PROAÑO', '345.14.1'),
(1284, '345.14.1.818', 'HUASAGA (CAB.EN WAMPUIK)', '345.14.1'),
(1285, '345.14.1.819', 'MACAS', '345.14.1'),
(1286, '345.14.1.820', 'MACUMA', '345.14.1'),
(1287, '345.14.1.821', 'RÍO BLANCO', '345.14.1'),
(1288, '345.14.1.822', 'SAN ISIDRO', '345.14.1'),
(1289, '345.14.1.823', 'SAN JOSÉ DE MORONA', '345.14.1'),
(1290, '345.14.1.824', 'SEVILLA DON BOSCO', '345.14.1'),
(1291, '345.14.1.825', 'SINAÍ', '345.14.1'),
(1292, '345.14.1.826', 'TAISHA', '345.14.1'),
(1293, '345.14.1.827', 'TUUTINENTZA', '345.14.1'),
(1294, '345.14.1.828', 'ZUÑA (ZÚÑAC)', '345.14.1'),
(1295, '345.13.9.829', 'AYACUCHO', '345.13.9'),
(1296, '345.13.9.830', 'HONORATO VÁSQUEZ (CAB. EN VÁSQUEZ)', '345.13.9'),
(1297, '345.13.9.831', 'LA UNIÓN', '345.13.9'),
(1298, '345.13.9.832', 'LODANA', '345.13.9'),
(1299, '345.13.9.833', 'OLMEDO', '345.13.9'),
(1300, '345.13.9.834', 'SAN PABLO (CAB. EN PUEBLO NUEVO)', '345.13.9'),
(1301, '345.13.9.835', 'SANTA ANA', '345.13.9'),
(1302, '345.13.9.836', 'SANTA ANA DE VUELTA LARGA', '345.13.9'),
(1303, '345.13.8.837', '10 DE AGOSTO', '345.13.8'),
(1304, '345.13.8.838', 'ATAHUALPA', '345.13.8'),
(1305, '345.13.8.839', 'COJIMÍES', '345.13.8'),
(1306, '345.13.8.840', 'PEDERNALES', '345.13.8'),
(1307, '345.13.7.841', '10 DE AGOSTO', '345.13.7'),
(1308, '345.13.7.842', 'BAHÍA DE CARÁQUEZ', '345.13.7'),
(1309, '345.13.7.843', 'BAHÍA DE CARÁQUEZ', '345.13.7'),
(1310, '345.13.7.844', 'CANOA', '345.13.7'),
(1311, '345.13.7.845', 'CHARAPOTÓ', '345.13.7'),
(1312, '345.13.7.846', 'COJIMÍES', '345.13.7'),
(1313, '345.13.7.847', 'JAMA', '345.13.7'),
(1314, '345.13.7.848', 'LEONIDAS PLAZA GUTIÉRREZ', '345.13.7'),
(1315, '345.13.7.849', 'PEDERNALES', '345.13.7'),
(1316, '345.13.7.850', 'SAN ISIDRO', '345.13.7'),
(1317, '345.13.7.851', 'SAN VICENTE', '345.13.7'),
(1318, '345.13.6.852', 'ANIBAL SAN ANDRÉS', '345.13.6'),
(1319, '345.13.6.853', 'EL COLORADO', '345.13.6'),
(1320, '345.13.6.854', 'GENERAL ELOY ALFARO', '345.13.6'),
(1321, '345.13.6.855', 'JARAMIJÓ', '345.13.6'),
(1322, '345.13.6.856', 'LA PILA', '345.13.6'),
(1323, '345.13.6.857', 'LEONIDAS PROAÑO', '345.13.6'),
(1324, '345.13.6.858', 'MONTECRISTI', '345.13.6'),
(1325, '345.13.6.859', 'MONTECRISTI', '345.13.6'),
(1326, '345.13.5.860', 'AMÉRICA', '345.13.5'),
(1327, '345.13.5.861', 'DR. MIGUEL MORÁN LUCIO', '345.13.5'),
(1328, '345.13.5.862', 'EL ANEGADO (CAB. EN ELOY ALFARO)', '345.13.5'),
(1329, '345.13.5.863', 'JIPIJAPA', '345.13.5'),
(1330, '345.13.5.864', 'JULCUY', '345.13.5'),
(1331, '345.13.5.865', 'LA UNIÓN', '345.13.5'),
(1332, '345.13.5.866', 'MACHALILLA', '345.13.5'),
(1333, '345.13.5.867', 'MANUEL INOCENCIO PARRALES Y GUALE', '345.13.5'),
(1334, '345.13.5.868', 'MEMBRILLAL', '345.13.5'),
(1335, '345.13.5.869', 'PEDRO PABLO GÓMEZ', '345.13.5'),
(1336, '345.13.5.870', 'PUERTO DE CAYO', '345.13.5'),
(1337, '345.13.5.871', 'PUERTO LÓPEZ', '345.13.5'),
(1338, '345.13.5.872', 'SAN LORENZO DE JIPIJAPA', '345.13.5'),
(1339, '345.13.4.873', '4 DE DICIEMBRE', '345.13.4'),
(1340, '345.13.4.874', 'EL CARMEN', '345.13.4'),
(1341, '345.13.4.875', 'EL CARMEN', '345.13.4'),
(1342, '345.13.4.876', 'SAN PEDRO DE SUMA', '345.13.4'),
(1343, '345.13.4.877', 'WILFRIDO LOOR MOREIRA (MAICITO)', '345.13.4'),
(1344, '345.13.3.878', 'BOYACÁ', '345.13.3'),
(1345, '345.13.3.879', 'CANUTO', '345.13.3'),
(1346, '345.13.3.880', 'CHIBUNGA', '345.13.3'),
(1347, '345.13.3.881', 'CHONE', '345.13.3'),
(1348, '345.13.3.882', 'CHONE', '345.13.3'),
(1349, '345.13.3.883', 'CONVENTO', '345.13.3'),
(1350, '345.13.3.884', 'ELOY ALFARO', '345.13.3'),
(1351, '345.13.3.885', 'RICAURTE', '345.13.3'),
(1352, '345.13.3.886', 'SAN ANTONIO', '345.13.3'),
(1353, '345.13.3.887', 'SANTA RITA', '345.13.3'),
(1354, '345.13.21.888', 'JARAMIJÓ', '345.13.21'),
(1355, '345.13.20.889', 'JUNÍN', '345.13.20'),
(1356, '345.13.2.890', 'ELOY ALFARO', '345.13.2'),
(1357, '345.13.2.891', 'LOS ESTEROS', '345.13.2'),
(1358, '345.13.2.892', 'MANTA', '345.13.2'),
(1359, '345.13.2.893', 'MANTA', '345.13.2'),
(1360, '345.13.2.894', 'SAN LORENZO', '345.13.2'),
(1361, '345.13.2.895', 'SAN MATEO', '345.13.2'),
(1362, '345.13.2.896', 'SANTA MARIANITA (BOCA DE PACOCHE)', '345.13.2'),
(1363, '345.13.2.897', 'TARQUI', '345.13.2'),
(1364, '345.13.19.898', 'MACHALILLA', '345.13.19'),
(1365, '345.13.19.899', 'PUERTO LÓPEZ', '345.13.19'),
(1366, '345.13.19.900', 'SALANGO', '345.13.19'),
(1367, '345.13.18.901', 'JAMA', '345.13.18'),
(1368, '345.13.17.902', 'FLAVIO ALFARO', '345.13.17'),
(1369, '345.13.17.903', 'SAN FRANCISCO DE NOVILLO (CAB. EN', '345.13.17'),
(1370, '345.13.17.904', 'ZAPALLO', '345.13.17'),
(1371, '345.13.15.905', 'BARRAGANETE', '345.13.15'),
(1372, '345.13.15.906', 'PICHINCHA', '345.13.15'),
(1373, '345.13.15.907', 'SAN SEBASTIÁN', '345.13.15'),
(1374, '345.13.14.908', 'ROCAFUERTE', '345.13.14'),
(1375, '345.13.13.909', 'CAMPOZANO (LA PALMA DE PAJÁN)', '345.13.13'),
(1376, '345.13.13.910', 'CASCOL', '345.13.13'),
(1377, '345.13.13.911', 'GUALE', '345.13.13'),
(1378, '345.13.13.912', 'LASCANO', '345.13.13'),
(1379, '345.13.13.913', 'PAJÁN', '345.13.13'),
(1380, '345.13.12.914', 'CANOA', '345.13.12'),
(1381, '345.13.12.915', 'SAN VICENTE', '345.13.12'),
(1382, '345.13.11.916', 'ANGEL PEDRO GILER (LA ESTANCILLA)', '345.13.11'),
(1383, '345.13.11.917', 'BACHILLERO', '345.13.11'),
(1384, '345.13.11.918', 'TOSAGUA', '345.13.11'),
(1385, '345.13.1.919', '12 DE MARZO', '345.13.1'),
(1386, '345.13.1.920', '18 DE OCTUBRE', '345.13.1'),
(1387, '345.13.1.921', 'ABDÓN CALDERÓN (SAN FRANCISCO)', '345.13.1'),
(1388, '345.13.1.922', 'ALHAJUELA (BAJO GRANDE)', '345.13.1'),
(1389, '345.13.1.923', 'ANDRÉS DE VERA', '345.13.1'),
(1390, '345.13.1.924', 'CHIRIJOS', '345.13.1'),
(1391, '345.13.1.925', 'COLÓN', '345.13.1'),
(1392, '345.13.1.926', 'CRUCITA', '345.13.1'),
(1393, '345.13.1.927', 'FRANCISCO PACHECO', '345.13.1'),
(1394, '345.13.1.928', 'PICOAZÁ', '345.13.1'),
(1395, '345.13.1.929', 'PORTOVIEJO', '345.13.1'),
(1396, '345.13.1.930', 'PORTOVIEJO', '345.13.1'),
(1397, '345.13.1.931', 'PUEBLO NUEVO', '345.13.1'),
(1398, '345.13.1.932', 'RIOCHICO (RÍO CHICO)', '345.13.1'),
(1399, '345.13.1.933', 'SAN PABLO', '345.13.1'),
(1400, '345.13.1.934', 'SAN PLÁCIDO', '345.13.1'),
(1401, '345.13.1.935', 'SIMÓN BOLÍVAR', '345.13.1'),
(1402, '345.12.9.936', 'PUEBLOVIEJO', '345.12.9'),
(1403, '345.12.9.937', 'PUERTO PECHICHE', '345.12.9'),
(1404, '345.12.9.938', 'SAN JUAN', '345.12.9'),
(1405, '345.12.8.939', 'MOCACHE', '345.12.8'),
(1406, '345.12.7.940', 'BABA', '345.12.7'),
(1407, '345.12.7.941', 'GUARE', '345.12.7'),
(1408, '345.12.7.942', 'ISLA DE BEJUCAL', '345.12.7'),
(1409, '345.12.6.943', 'VALENCIA', '345.12.6'),
(1410, '345.12.4.944', '10 DE NOVIEMBRE', '345.12.4'),
(1411, '345.12.4.945', 'CHACARITA', '345.12.4'),
(1412, '345.12.4.946', 'LOS ÁNGELES', '345.12.4'),
(1413, '345.12.4.947', 'QUINSALOMA', '345.12.4'),
(1414, '345.12.4.948', 'VENTANAS', '345.12.4'),
(1415, '345.12.4.949', 'ZAPOTAL', '345.12.4'),
(1416, '345.12.2.950', 'BABAHOYO', '345.12.2'),
(1417, '345.12.2.951', 'BARREIRO', '345.12.2'),
(1418, '345.12.2.952', 'BARREIRO (SANTA RITA)', '345.12.2'),
(1419, '345.12.2.953', 'CARACOL', '345.12.2'),
(1420, '345.12.2.954', 'CLEMENTE BAQUERIZO', '345.12.2'),
(1421, '345.12.2.955', 'DR. CAMILO PONCE', '345.12.2'),
(1422, '345.12.2.956', 'EL SALTO', '345.12.2'),
(1423, '345.12.2.957', 'FEBRES CORDERO (LAS JUNTAS)', '345.12.2'),
(1424, '345.12.2.958', 'LA UNIÓN', '345.12.2'),
(1425, '345.12.2.959', 'PIMOCHA', '345.12.2'),
(1426, '345.12.13.960', 'QUINSALOMA', '345.12.13'),
(1427, '345.12.12.961', 'PALENQUE', '345.12.12'),
(1428, '345.12.11.962', 'MONTALVO', '345.12.11'),
(1429, '345.12.10.963', 'CATARAMA', '345.12.10'),
(1430, '345.12.10.964', 'RICAURTE', '345.12.10'),
(1431, '345.12.1.965', '24 DE MAYO', '345.12.1'),
(1432, '345.12.1.966', 'BUENA FÉ', '345.12.1'),
(1433, '345.12.1.967', 'GUAYACÁN', '345.12.1'),
(1434, '345.12.1.968', 'LA ESPERANZA', '345.12.1'),
(1435, '345.12.1.969', 'MOCACHE', '345.12.1'),
(1436, '345.12.1.970', 'NICOLÁS INFANTE DÍAZ', '345.12.1'),
(1437, '345.12.1.971', 'QUEVEDO', '345.12.1'),
(1438, '345.12.1.972', 'QUEVEDO', '345.12.1'),
(1439, '345.12.1.973', 'SAN CAMILO', '345.12.1'),
(1440, '345.12.1.974', 'SAN CARLOS', '345.12.1'),
(1441, '345.12.1.975', 'SAN CRISTÓBAL', '345.12.1'),
(1442, '345.12.1.976', 'SAN JOSÉ', '345.12.1'),
(1443, '345.12.1.977', 'SIETE DE OCTUBRE', '345.12.1'),
(1444, '345.12.1.978', 'VALENCIA', '345.12.1'),
(1445, '345.12.1.979', 'VENUS DEL RÍO QUEVEDO', '345.12.1'),
(1446, '345.12.1.980', 'VIVA ALFARO', '345.12.1'),
(1447, '345.11.9.981', '12 DE DICIEMBRE (CAB. EN ACHIOTES)', '345.11.9'),
(1448, '345.11.9.982', 'CELICA', '345.11.9'),
(1449, '345.11.9.983', 'CHAQUINAL', '345.11.9'),
(1450, '345.11.9.984', 'CRUZPAMBA (CAB. EN CARLOS BUSTAMANTE)', '345.11.9'),
(1451, '345.11.9.985', 'PINDAL (FEDERICO PÁEZ)', '345.11.9'),
(1452, '345.11.9.986', 'POZUL (SAN JUAN DE POZUL)', '345.11.9'),
(1453, '345.11.9.987', 'SABANILLA', '345.11.9'),
(1454, '345.11.9.988', 'TNTE. MAXIMILIANO RODRÍGUEZ LOAIZA', '345.11.9'),
(1455, '345.11.8.989', '27 DE ABRIL (CAB. EN LA NARANJA)', '345.11.8'),
(1456, '345.11.8.990', 'AMALUZA', '345.11.8'),
(1457, '345.11.8.991', 'BELLAVISTA', '345.11.8'),
(1458, '345.11.8.992', 'EL AIRO', '345.11.8'),
(1459, '345.11.8.993', 'EL INGENIO', '345.11.8'),
(1460, '345.11.8.994', 'JIMBURA', '345.11.8'),
(1461, '345.11.8.995', 'SANTA TERESITA', '345.11.8'),
(1462, '345.11.7.996', 'ALAMOR', '345.11.7'),
(1463, '345.11.7.997', 'CIANO', '345.11.7'),
(1464, '345.11.7.998', 'EL ARENAL', '345.11.7'),
(1465, '345.11.7.999', 'EL LIMO (MARIANA DE JESÚS)', '345.11.7'),
(1466, '345.11.7.1000', 'MERCADILLO', '345.11.7'),
(1467, '345.11.7.1001', 'VICENTINO', '345.11.7'),
(1468, '345.11.6.1002', 'GENERAL ELOY ALFARO (SAN SEBASTIÁN)', '345.11.6'),
(1469, '345.11.6.1003', 'LA VICTORIA', '345.11.6'),
(1470, '345.11.6.1004', 'LARAMA', '345.11.6'),
(1471, '345.11.6.1005', 'MACARÁ', '345.11.6'),
(1472, '345.11.6.1006', 'MACARÁ (MANUEL ENRIQUE RENGEL SUQUILANDA)', '345.11.6'),
(1473, '345.11.6.1007', 'SABIANGO (LA CAPILLA)', '345.11.6'),
(1474, '345.11.5.1008', 'CANGONAMÁ', '345.11.5'),
(1475, '345.11.5.1009', 'CASANGA', '345.11.5'),
(1476, '345.11.5.1010', 'CATACOCHA', '345.11.5'),
(1477, '345.11.5.1011', 'CATACOCHA', '345.11.5'),
(1478, '345.11.5.1012', 'GUACHANAMÁ', '345.11.5'),
(1479, '345.11.5.1013', 'LA TINGUE', '345.11.5'),
(1480, '345.11.5.1014', 'LAURO GUERRERO', '345.11.5'),
(1481, '345.11.5.1015', 'LOURDES', '345.11.5'),
(1482, '345.11.5.1016', 'OLMEDO (SANTA BÁRBARA)', '345.11.5'),
(1483, '345.11.5.1017', 'ORIANGA', '345.11.5'),
(1484, '345.11.5.1018', 'SAN ANTONIO', '345.11.5'),
(1485, '345.11.5.1019', 'YAMANA', '345.11.5'),
(1486, '345.11.4.1020', 'CARIAMANGA', '345.11.4'),
(1487, '345.11.4.1021', 'CARIAMANGA', '345.11.4'),
(1488, '345.11.4.1022', 'CHILE', '345.11.4'),
(1489, '345.11.4.1023', 'COLAISACA', '345.11.4'),
(1490, '345.11.4.1024', 'EL LUCERO', '345.11.4'),
(1491, '345.11.4.1025', 'SAN VICENTE', '345.11.4'),
(1492, '345.11.4.1026', 'SANGUILLÍN', '345.11.4'),
(1493, '345.11.4.1027', 'UTUANA', '345.11.4'),
(1494, '345.11.3.1028', 'EL PARAÍSO DE CELÉN', '345.11.3'),
(1495, '345.11.3.1029', 'EL TABLÓN', '345.11.3'),
(1496, '345.11.3.1030', 'LLUZHAPA', '345.11.3'),
(1497, '345.11.3.1031', 'MANÚ', '345.11.3'),
(1498, '345.11.3.1032', 'SAN ANTONIO DE QUMBE (CUMBE)', '345.11.3'),
(1499, '345.11.3.1033', 'SAN PABLO DE TENTA', '345.11.3'),
(1500, '345.11.3.1034', 'SAN SEBASTIÁN DE YÚLUC', '345.11.3'),
(1501, '345.11.3.1035', 'SARAGURO', '345.11.3'),
(1502, '345.11.3.1036', 'SELVA ALEGRE', '345.11.3'),
(1503, '345.11.3.1037', 'SUMAYPAMBA', '345.11.3'),
(1504, '345.11.3.1038', 'URDANETA (PAQUISHAPA)', '345.11.3'),
(1505, '345.11.2.1039', 'CATAMAYO', '345.11.2'),
(1506, '345.11.2.1040', 'CATAMAYO (LA TOMA)', '345.11.2'),
(1507, '345.11.2.1041', 'EL TAMBO', '345.11.2'),
(1508, '345.11.2.1042', 'GUAYQUICHUMA', '345.11.2'),
(1509, '345.11.2.1043', 'SAN JOSÉ', '345.11.2'),
(1510, '345.11.2.1044', 'SAN PEDRO DE LA BENDITA', '345.11.2'),
(1511, '345.11.2.1045', 'ZAMBI', '345.11.2'),
(1512, '345.11.14.1046', 'AMARILLOS', '345.11.14'),
(1513, '345.11.14.1047', 'BUENAVISTA', '345.11.14'),
(1514, '345.11.14.1048', 'CHAGUARPAMBA', '345.11.14'),
(1515, '345.11.14.1049', 'EL ROSARIO', '345.11.14'),
(1516, '345.11.14.1050', 'SANTA RUFINA', '345.11.14'),
(1517, '345.11.13.1051', 'NUEVA FÁTIMA', '345.11.13'),
(1518, '345.11.13.1052', 'SOZORANGA', '345.11.13'),
(1519, '345.11.13.1053', 'TACAMOROS', '345.11.13'),
(1520, '345.11.12.1054', '12 DE DICIEMBRE (CAB.EN ACHIOTES)', '345.11.12'),
(1521, '345.11.12.1055', 'CHAQUINAL', '345.11.12'),
(1522, '345.11.12.1056', 'MILAGROS', '345.11.12'),
(1523, '345.11.12.1057', 'PINDAL', '345.11.12'),
(1524, '345.11.11.1058', 'BOLASPAMBA', '345.11.11'),
(1525, '345.11.11.1059', 'GARZAREAL', '345.11.11'),
(1526, '345.11.11.1060', 'LIMONES', '345.11.11'),
(1527, '345.11.11.1061', 'MANGAHURCO (CAZADEROS)', '345.11.11'),
(1528, '345.11.11.1062', 'PALETILLAS', '345.11.11'),
(1529, '345.11.11.1063', 'ZAPOTILLO', '345.11.11'),
(1530, '345.11.10.1064', 'CHANGAIMINA (LA LIBERTAD)', '345.11.10'),
(1531, '345.11.10.1065', 'FUNDOCHAMBA', '345.11.10'),
(1532, '345.11.10.1066', 'GONZANAMÁ', '345.11.10'),
(1533, '345.11.10.1067', 'NAMBACOLA', '345.11.10'),
(1534, '345.11.10.1068', 'PURUNUMA (EGUIGUREN)', '345.11.10'),
(1535, '345.11.10.1069', 'QUILANGA (LA PAZ)', '345.11.10'),
(1536, '345.11.10.1070', 'SACAPALCA', '345.11.10'),
(1537, '345.11.10.1071', 'SAN ANTONIO DE LAS ARADAS (CAB. EN LAS ARADAS)', '345.11.10'),
(1538, '345.11.1.1072', 'CHANTACO', '345.11.1'),
(1539, '345.11.1.1073', 'CHUQUIRIBAMBA', '345.11.1'),
(1540, '345.11.1.1074', 'EL CISNE', '345.11.1'),
(1541, '345.11.1.1075', 'EL SAGRARIO', '345.11.1'),
(1542, '345.11.1.1076', 'GUALEL', '345.11.1'),
(1543, '345.11.1.1077', 'JIMBILLA', '345.11.1'),
(1544, '345.11.1.1078', 'LOJA', '345.11.1'),
(1545, '345.11.1.1079', 'MALACATOS (VALLADOLID)', '345.11.1'),
(1546, '345.11.1.1080', 'QUINARA', '345.11.1'),
(1547, '345.11.1.1081', 'SAN LUCAS', '345.11.1'),
(1548, '345.11.1.1082', 'SAN PEDRO DE VILCABAMBA', '345.11.1'),
(1549, '345.11.1.1083', 'SAN SEBASTIÁN', '345.11.1'),
(1550, '345.11.1.1084', 'SANTIAGO', '345.11.1'),
(1551, '345.11.1.1085', 'SUCRE', '345.11.1'),
(1552, '345.11.1.1086', 'TAQUIL (MIGUEL RIOFRÍO)', '345.11.1'),
(1553, '345.11.1.1087', 'VALLE', '345.11.1'),
(1554, '345.11.1.1088', 'VILCABAMBA (VICTORIA)', '345.11.1'),
(1555, '345.11.1.1089', 'YANGANA (ARSENIO CASTILLO)', '345.11.1'),
(1556, '345.10.6.1090', 'CHUGÁ', '345.10.6'),
(1557, '345.10.6.1091', 'MARIANO ACOSTA', '345.10.6'),
(1558, '345.10.6.1092', 'PIMAMPIRO', '345.10.6'),
(1559, '345.10.6.1093', 'SAN FRANCISCO DE SIGSIPAMBA', '345.10.6'),
(1560, '345.10.5.1094', 'CAHUASQUÍ', '345.10.5'),
(1561, '345.10.5.1095', 'LA MERCED DE BUENOS AIRES', '345.10.5'),
(1562, '345.10.5.1096', 'PABLO ARENAS', '345.10.5'),
(1563, '345.10.5.1097', 'SAN BLAS', '345.10.5'),
(1564, '345.10.5.1098', 'TUMBABIRO', '345.10.5'),
(1565, '345.10.5.1099', 'URCUQUÍ CABECERA CANTONAL', '345.10.5'),
(1566, '345.10.4.1100', '6 DE JULIO DE CUELLAJE (CAB. EN CUELLAJE)', '345.10.4'),
(1567, '345.10.4.1101', 'APUELA', '345.10.4'),
(1568, '345.10.4.1102', 'COTACACHI', '345.10.4'),
(1569, '345.10.4.1103', 'GARCÍA MORENO (LLURIMAGUA)', '345.10.4'),
(1570, '345.10.4.1104', 'IMANTAG', '345.10.4'),
(1571, '345.10.4.1105', 'PEÑAHERRERA', '345.10.4'),
(1572, '345.10.4.1106', 'PLAZA GUTIÉRREZ (CALVARIO)', '345.10.4'),
(1573, '345.10.4.1107', 'QUIROGA', '345.10.4'),
(1574, '345.10.4.1108', 'SAGRARIO', '345.10.4'),
(1575, '345.10.4.1109', 'SAN FRANCISCO', '345.10.4'),
(1576, '345.10.4.1110', 'VACAS GALINDO (EL CHURO) (CAB.EN SAN MIGUEL ALTO', '345.10.4'),
(1577, '345.10.3.1111', 'ANDRADE MARÍN (LOURDES)', '345.10.3'),
(1578, '345.10.3.1112', 'ATUNTAQUI', '345.10.3'),
(1579, '345.10.3.1113', 'ATUNTAQUI', '345.10.3'),
(1580, '345.10.3.1114', 'IMBAYA (SAN LUIS DE COBUENDO)', '345.10.3'),
(1581, '345.10.3.1115', 'SAN FRANCISCO DE NATABUELA', '345.10.3'),
(1582, '345.10.3.1116', 'SAN JOSÉ DE CHALTURA', '345.10.3'),
(1583, '345.10.3.1117', 'SAN ROQUE', '345.10.3'),
(1584, '345.10.2.1118', 'DR. MIGUEL EGAS CABEZAS (PEGUCHE)', '345.10.2'),
(1585, '345.10.2.1119', 'EUGENIO ESPEJO (CALPAQUÍ)', '345.10.2'),
(1586, '345.10.2.1120', 'GONZÁLEZ SUÁREZ', '345.10.2'),
(1587, '345.10.2.1121', 'JORDÁN', '345.10.2'),
(1588, '345.10.2.1122', 'OTAVALO', '345.10.2'),
(1589, '345.10.2.1123', 'PATAQUÍ', '345.10.2'),
(1590, '345.10.2.1124', 'SAN JOSÉ DE QUICHINCHE', '345.10.2'),
(1591, '345.10.2.1125', 'SAN JUAN DE ILUMÁN', '345.10.2'),
(1592, '345.10.2.1126', 'SAN LUIS', '345.10.2'),
(1593, '345.10.2.1127', 'SAN PABLO', '345.10.2'),
(1594, '345.10.2.1128', 'SAN RAFAEL', '345.10.2'),
(1595, '345.10.2.1129', 'SELVA ALEGRE (CAB.EN SAN MIGUEL DE PAMPLONA)', '345.10.2'),
(1596, '345.10.1.1130', 'AMBUQUÍ', '345.10.1'),
(1597, '345.10.1.1131', 'ANGOCHAGUA', '345.10.1'),
(1598, '345.10.1.1132', 'CARANQUI', '345.10.1'),
(1599, '345.10.1.1133', 'CAROLINA', '345.10.1'),
(1600, '345.10.1.1134', 'GUAYAQUIL DE ALPACHACA', '345.10.1'),
(1601, '345.10.1.1135', 'LA DOLOROSA DEL PRIORATO', '345.10.1'),
(1602, '345.10.1.1136', 'LA ESPERANZA', '345.10.1'),
(1603, '345.10.1.1137', 'LITA', '345.10.1'),
(1604, '345.10.1.1138', 'SAGRARIO', '345.10.1'),
(1605, '345.10.1.1139', 'SALINAS', '345.10.1'),
(1606, '345.10.1.1140', 'SAN ANTONIO', '345.10.1'),
(1607, '345.10.1.1141', 'SAN FRANCISCO', '345.10.1'),
(1608, '345.10.1.1142', 'SAN MIGUEL DE IBARRA', '345.10.1'),
(1609, '345.1.9.1143', 'CHORDELEG', '345.1.9'),
(1610, '345.1.9.1144', 'LA UNIÓN', '345.1.9'),
(1611, '345.1.9.1145', 'LUIS GALARZA ORELLANA (CAB.EN DELEGSOL)', '345.1.9'),
(1612, '345.1.9.1146', 'PRINCIPAL', '345.1.9'),
(1613, '345.1.9.1147', 'SAN MARTÍN DE PUZHIO', '345.1.9'),
(1614, '345.1.8.1148', 'ASUNCIÓN', '345.1.8'),
(1615, '345.1.8.1149', 'GIRÓN', '345.1.8'),
(1616, '345.1.8.1150', 'SAN GERARDO', '345.1.8'),
(1617, '345.1.7.1151', 'COCHAPATA', '345.1.7'),
(1618, '345.1.7.1152', 'EL PROGRESO (CAB.EN ZHOTA)', '345.1.7'),
(1619, '345.1.7.1153', 'LAS NIEVES (CHAYA)', '345.1.7'),
(1620, '345.1.7.1154', 'NABÓN', '345.1.7'),
(1621, '345.1.7.1155', 'OÑA', '345.1.7'),
(1622, '345.1.6.1156', 'ABDÓN CALDERÓN (LA UNIÓN)', '345.1.6'),
(1623, '345.1.6.1157', 'EL CARMEN DE PIJILÍ', '345.1.6'),
(1624, '345.1.6.1158', 'SAN SALVADOR DE CAÑARIBAMBA', '345.1.6'),
(1625, '345.1.6.1159', 'SANTA ISABEL (CHAGUARURCO)', '345.1.6'),
(1626, '345.1.6.1160', 'ZHAGLLI (SHAGLLI)', '345.1.6'),
(1627, '345.1.5.1161', 'CAMILO PONCE ENRÍQUEZ', '345.1.5'),
(1628, '345.1.5.1162', 'EL CARMEN DE PIJILÍ', '345.1.5'),
(1629, '345.1.4.1163', 'AMALUZA', '345.1.4'),
(1630, '345.1.4.1164', 'BULÁN (JOSÉ VÍCTOR IZQUIERDO)', '345.1.4'),
(1631, '345.1.4.1165', 'CHICÁN (GUILLERMO ORTEGA)', '345.1.4'),
(1632, '345.1.4.1166', 'DUG DUG', '345.1.4'),
(1633, '345.1.4.1167', 'EL CABO', '345.1.4'),
(1634, '345.1.4.1168', 'GUACHAPALA', '345.1.4'),
(1635, '345.1.4.1169', 'GUARAINAG', '345.1.4'),
(1636, '345.1.4.1170', 'PALMAS', '345.1.4'),
(1637, '345.1.4.1171', 'PAN', '345.1.4'),
(1638, '345.1.4.1172', 'PAUTE', '345.1.4'),
(1639, '345.1.4.1173', 'SAN CRISTÓBAL (CARLOS ORDÓÑEZ LAZO)', '345.1.4'),
(1640, '345.1.4.1174', 'SEVILLA DE ORO', '345.1.4'),
(1641, '345.1.4.1175', 'TOMEBAMBA', '345.1.4'),
(1642, '345.1.2.1176', 'CHORDELEG', '345.1.2'),
(1643, '345.1.2.1177', 'DANIEL CÓRDOVA TORAL (EL ORIENTE)', '345.1.2'),
(1644, '345.1.2.1178', 'GUALACEO', '345.1.2'),
(1645, '345.1.2.1179', 'JADÁN', '345.1.2'),
(1646, '345.1.2.1180', 'LUIS CORDERO VEGA', '345.1.2'),
(1647, '345.1.2.1181', 'MARIANO MORENO', '345.1.2'),
(1648, '345.1.2.1182', 'PRINCIPAL', '345.1.2'),
(1649, '345.1.2.1183', 'REMIGIO CRESPO TORAL (GÚLAG)', '345.1.2'),
(1650, '345.1.2.1184', 'SAN JUAN', '345.1.2'),
(1651, '345.1.2.1185', 'SIMÓN BOLÍVAR (CAB. EN GAÑANZOL)', '345.1.2'),
(1652, '345.1.2.1186', 'ZHIDMAD', '345.1.2'),
(1653, '345.1.11.1187', 'AMALUZA', '345.1.11'),
(1654, '345.1.11.1188', 'PALMAS', '345.1.11'),
(1655, '345.1.11.1189', 'SEVILLA DE ORO', '345.1.11'),
(1656, '345.1.1.1190', 'BAÑOS', '345.1.1'),
(1657, '345.1.1.1191', 'BELLAVISTA', '345.1.1'),
(1658, '345.1.1.1192', 'CAÑARIBAMBA', '345.1.1'),
(1659, '345.1.1.1193', 'CHAUCHA', '345.1.1'),
(1660, '345.1.1.1194', 'CHECA (JIDCAY)', '345.1.1'),
(1661, '345.1.1.1195', 'CHIQUINTAD', '345.1.1'),
(1662, '345.1.1.1196', 'CUENCA', '345.1.1'),
(1663, '345.1.1.1197', 'CUMBE', '345.1.1'),
(1664, '345.1.1.1198', 'EL BATÁN', '345.1.1'),
(1665, '345.1.1.1199', 'EL SAGRARIO', '345.1.1'),
(1666, '345.1.1.1200', 'EL VECINO', '345.1.1'),
(1667, '345.1.1.1201', 'GIL RAMÍREZ DÁVALOS', '345.1.1'),
(1668, '345.1.1.1202', 'HERMANO MIGUEL', '345.1.1'),
(1669, '345.1.1.1203', 'HUAYNACÁPAC', '345.1.1'),
(1670, '345.1.1.1204', 'LLACAO', '345.1.1'),
(1671, '345.1.1.1205', 'MACHÁNGARA', '345.1.1'),
(1672, '345.1.1.1206', 'MOLLETURO', '345.1.1'),
(1673, '345.1.1.1207', 'MONAY', '345.1.1'),
(1674, '345.1.1.1208', 'NULTI', '345.1.1'),
(1675, '345.1.1.1209', 'OCTAVIO CORDERO PALACIOS (SANTA ROSA)', '345.1.1'),
(1676, '345.1.1.1210', 'PACCHA', '345.1.1'),
(1677, '345.1.1.1211', 'QUINGEO', '345.1.1'),
(1678, '345.1.1.1212', 'RICAURTE', '345.1.1'),
(1679, '345.1.1.1213', 'SAN BLAS', '345.1.1'),
(1680, '345.1.1.1214', 'SAN JOAQUÍN', '345.1.1'),
(1681, '345.1.1.1215', 'SAN SEBASTIÁN', '345.1.1'),
(1682, '345.1.1.1216', 'SANTA ANA', '345.1.1'),
(1683, '345.1.1.1217', 'SAYAUSÍ', '345.1.1'),
(1684, '345.1.1.1218', 'SIDCAY', '345.1.1'),
(1685, '345.1.1.1219', 'SININCAY', '345.1.1'),
(1686, '345.1.1.1220', 'SUCRE', '345.1.1'),
(1687, '345.1.1.1221', 'TARQUI', '345.1.1'),
(1688, '345.1.1.1222', 'TOTORACOCHA', '345.1.1'),
(1689, '345.1.1.1223', 'TURI', '345.1.1'),
(1690, '345.1.1.1224', 'VALLE', '345.1.1'),
(1691, '345.1.1.1225', 'VICTORIA DEL PORTETE (IRQUIS)', '345.1.1'),
(1692, '345.1.1.1226', 'YANUNCAY', '345.1.1');

INSERT INTO `Cargo` (`id`,`descripcion`) VALUES (1,'RECTOR');
INSERT INTO `Cargo` (`id`,`descripcion`) VALUES (2,'VICE RECTOR');
INSERT INTO `Cargo` (`id`,`descripcion`) VALUES (3,'CORRDINADOR/A DE CARRERA');
INSERT INTO `Cargo` (`id`,`descripcion`) VALUES (4,'CORRDINADOR/A ACADÉMICO/A');
INSERT INTO `Cargo` (`id`,`descripcion`) VALUES (5,'CORRDINADOR/A DE VINCULACIÓN');
INSERT INTO `Cargo` (`id`,`descripcion`) VALUES (6,'COORDINADOR/A DE INVESTIGACIÓN');
INSERT INTO `Cargo` (`id`,`descripcion`) VALUES (7,'SECRETARÍA GENERAL');
INSERT INTO `Cargo` (`id`,`descripcion`) VALUES (8,'ADMINISTRADOR/A TIC');
INSERT INTO `Cargo` (`id`,`descripcion`) VALUES (9,'RECTORA');
INSERT INTO `Cargo` (`id`,`descripcion`) VALUES (10,'VICE RECTORA');

INSERT INTO `CargoInstituto` (`id`,`idInstituto`, `idPersona`, `idCargo`, `fechaInicio`) VALUES
(1, 1, 3, 2, '2017-03-01'),
(2, 2, 3, 2, '2017-03-01'),
(3, 3, 3, 2, '2017-03-01'),
(4, 4, 3, 2, '2017-03-01'),
(5, 1, 5, 1, '2017-03-01'),
(6, 2, 5, 1, '2017-03-01'),
(7, 3, 5, 1, '2017-03-01'),
(8, 4, 5, 1, '2017-03-01');

INSERT INTO `CargoCarrera` (`id`,`idCarrera`, `idPersona`, `idCargo`, `fechaInicio`) VALUES
(1, 1, 30, 3, '2017-03-01'),
(2, 2, 64, 3, '2017-03-01'),
(3, 3, 50, 3, '2017-03-01'),
(4, 5, 36, 3, '2017-03-01'),
(5, 4, 33, 3, '2017-03-01');

INSERT INTO `OcupacionEstudiante` (`id`, `descripcion`) VALUES
(1, 'Solamente al estudio'),
(2, 'Alguna ocupación para obtener ingresos');

INSERT INTO `DestinoRecursosEstudiante` (`id`, `descripcion`) VALUES
(1, 'Sostener sus estudios'),
(2, 'Mantener a su familia'),
(3, 'Otros');

INSERT INTO `TipoCarrera` (`id`, `descripcion`) VALUES
(1, 'Tecnicatura'),
(2, 'Tecnología');

INSERT INTO `ModalidadCarrera` (`id`, `descripcion`) VALUES
(1, 'Presencial'),
(2, 'Semipresencial'),
(3, 'Dual');

INSERT INTO `TipoBachillerato` (`id`, `descripcion`) VALUES
(1, 'Técnico'),
(2, 'Técnico Productivo'),
(3, 'BGU'),
(4, 'BI'),
(5, 'Otro');
 
INSERT INTO `TipoMatricula` (`id`, `descripcion`) VALUES
(1, 'Ordinaria'),
(2, 'Extraordinaria'),
(3, 'Especial');
 
INSERT INTO `TipoInstitucionPracticasPreprofesionales` (`id`, `descripcion`) VALUES
(1, 'Pública'),
(2, 'Privada'),
(3, 'Tercer Sector'),
(4, 'Organismos Internacionales'),
(5, 'Otros');

INSERT INTO `AlcanceProyectoVinculacion` (`id`, `descripcion`) VALUES
(1, 'Nacional'),
(2, 'Provincial'),
(3, 'Cantonal'),
(4, 'Parroquial');

INSERT INTO `AreaEmpresaTrabaja` (`id`, `descripcion`) VALUES
(1, 'Agricultura, ganadería, silvicultura y pesca'),
(2, 'Explotación de minas y canteras'),
(3, 'Industrias manufactureras'),
(4, 'Comercio, reparación vehículos, efectos personales y enseres domésticos'),
(5, 'Servicios'),
(6, 'Construcción'),
(7, 'Hoteles y restaurantes'),
(8, 'Transporte, almacenamiento y comunicaciones'),
(9, 'Intermediación financiera'),
(10, 'Administración pública y defensa'),
(11, 'Enseñanza'),
(12, 'Servicios sociales y de salud');

INSERT INTO `SectorEconomicoPracticasPreprofesionales` (`id`, `descripcion`) VALUES
(1, 'Agricultura, ganadería, silvicultura y pesca'),
(2, 'Explotación de minas y canteras'),
(3, 'Industrias manufactureras'),
(4, 'Comercio, reparación vehículos, efectos personales y enseres domésticos'),
(5, 'Servicios'),
(6, 'Construcción'),
(7, 'Hoteles y restaurantes'),
(8, 'Transporte, almacenamiento y comunicaciones'),
(9, 'Intermediación financiera'),
(10, 'Administración pública y defensa'),
(11, 'Enseñanza'),
(12, 'Servicios sociales y de salud');

INSERT INTO `CategoriaMigratoria` (`id`, `descripcion`) VALUES
(1, 'Residente permanente'),
(2, 'Residente transitorio o no residente'),
(3, 'Residente temporal'),
(4, 'Refugiado');